user_id,products
0080a4d2-61cc-11ec-86e0-002590c0647c,['6484744']
00a8fe40-024d-11ef-9b7b-002590c82436,"['2694904', '6467593', '6147763', '989299', '5326777']"
0100b7a4-9c09-11ec-86e0-002590c0647c,"['5944277', '6468634', '1695954']"
0133c3ca-3f11-11eb-a0d7-002590e45c38,"['6162190', '5399515', '5399512', '1376258', '6599687']"
0143e38e-f8c8-11ea-8a53-0cc47a6d2fef,"['3916581', '2726887', '1542833', '3916581', '3731044', '4908433', '5007331', '5499349', '5499451', '5499448', '4908436', '3908781', '3908742', '3908775', '6614609', '6359194', '5191165', '1511690', '4030974', '1779681', '930395', '5182849', '5894050', '6102811', '1864855']"
01e36a9e-86e6-11ee-86e0-002590c0647c,"['6284788', '5249803', '5249773']"
0241446a-7011-11ea-86e0-002590c0647c,"['6129403', '6763662', '6395659', '6395656', '6553024', '6588014', '6588014', '6129349']"
0247259a-bb32-11ee-86e0-002590c0647c,"['5408374', '6179752', '3776746', '6453715', '6689979', '6689979']"
028f6098-0f35-11ee-b1da-002590c82437,['6226633']
02ffe5f0-390c-11ea-a0d7-002590e45c38,"['1802988', '1802988']"
034c5d50-47b8-11ed-86e0-002590c0647c,"['4811191', '5186206']"
03bf34d8-0a2c-11e9-8a53-0cc47a6d2fef,"['5453359', '4029933', '4071201']"
03ff2b36-6c03-11ee-86e0-002590c0647c,['3771862']
046d9a5c-9783-11ee-86e0-002590c0647c,['5399512']
048f2048-b20f-11eb-86e0-002590c0647c,"['1355552', '2719714', '3204664', '4029546', '6164845', '3207229', '3718243', '5877982', '1705032', '1802934', '1701609']"
04f7ad04-144d-11ef-86e0-002590c0647c,"['7050537', '7050696']"
052df870-a3a1-11eb-86e0-002590c0647c,"['1052959', '4867684', '4867651', '4960900', '6773751', '6773805', '4965223', '4965208', '6850800', '3718594']"
05349362-aa32-11ed-a1c4-002590c82437,['2694280']
053a080e-ff56-11ee-9b7b-002590c82436,['4967653']
0575a812-705a-11ef-9b7b-002590c82436,"['5915620', '5318545']"
05ab1bb8-d0c9-11ee-9e62-002590c82436,"['2128369', '5484607', '2127505', '2128369']"
05fde2a2-fbbd-11ee-9b7b-002590c82436,"['6456664', '6456664']"
064c6368-630b-11ef-9b7b-002590c82436,"['7037976', '6743475']"
066b01e2-86df-11ed-86e0-002590c0647c,"['366134', '801124', '6084158']"
06a1d922-e321-11ec-86e0-002590c0647c,"['5145304', '4992430', '4949746']"
072d00bc-98db-11ee-86e0-002590c0647c,"['5333776', '5278669', '4990501', '5172529', '5172490', '5004022', '2736445', '3753823', '4945684', '4945627', '1794645', '4945711', '3743923']"
07e8e8fc-582f-11ec-a6e9-002590c82437,['6135736']
07fe5792-c848-11ee-bbb1-002590c82436,"['2694748', '6544315', '5028412']"
0881ac84-74bc-11ef-86e0-002590c0647c,"['1779360', '2727043']"
08d624d8-4097-11eb-a0d7-002590e45c38,['2784157']
092dff52-79bb-11eb-86e0-002590c0647c,"['5249770', '3719395', '607451', '5177803']"
09336554-034d-11ef-86e0-002590c0647c,['5421217']
09995be6-d610-11ec-843d-002590c82437,['5134627']
09de1ca8-3d07-11ef-86e0-002590c0647c,['6662157']
0a303078-fcac-11ea-a6e9-002590c82437,"['6430936', '6430936']"
0a898a52-3039-11ed-9003-002590c82437,"['6615566', '1292588', '1470002']"
0bdce7de-26ad-11ef-86e0-002590c0647c,"['1704075', '2139859']"
0c7425ac-71fa-11ef-9b7b-002590c82436,"['5035672', '5036311']"
0c9169bc-4105-11ea-86e0-002590c0647c,"['5193337', '5400532', '6101527', '6307486', '6307486', '6307486', '4061574']"
0ca4ac74-8ab8-11ee-86e0-002590c0647c,"['5394907', '5394907']"
0cbd8d5e-b450-11ee-bbb1-002590c82436,"['6227434', '5883994', '5006986']"
0cc81e24-4efe-11ef-86e0-002590c0647c,"['4827877', '6107200', '5048662', '5933443']"
0cf63184-5100-11ef-86e0-002590c0647c,"['645624', '484782', '5139463', '4992364', '532678', '532679', '466003', '645624']"
0d37d3f4-4f0e-11ee-86e0-002590c0647c,"['5039464', '2954743', '5419720', '6345280', '5332651', '5332651', '5419720', '5203180', '5203180', '5203180', '5203180', '5904808']"
0d66cf48-430a-11ee-86e0-002590c0647c,"['3761170', '4911274', '4911277', '4007016', '4911274', '4911277', '4055307', '4911277', '4911274', '4007016', '3761170', '6470119', '6470119', '6470119', '6470119']"
0da51372-3452-11ef-9b7b-002590c82436,"['6581383', '5329912', '6581182', '6581197', '3640942', '3627853', '6581197']"
0dddb35a-7e2f-11ee-bbb1-002590c82437,['6960720']
0de9bf06-87e3-11ea-86e0-002590c0647c,"['5404165', '6487246', '5060923', '5326513', '6407059', '6350938', '6487222', '3194026', '6467593', '5248750', '5071024', '6462340']"
0e80709e-d71e-11ed-a1c4-002590c82437,"['5486050', '5932480', '5932480']"
0eaed98e-ac40-11ec-a6e9-002590c82437,"['6229723', '6230476', '5154445', '6229723', '5481028', '5481016', '1376258', '2705254', '4942693']"
0ec8c45a-2e28-11ee-86e0-002590c0647c,"['6716067', '6290605', '6374824', '6831681', '6727713']"
0ee5da8a-c74e-11ee-bbb1-002590c82436,"['5360455', '5059177', '5121319']"
0ef3b9f0-bf10-11eb-8a53-0cc47a6d2fef,"['1854862', '2701981', '5142280']"
0f7f55ce-1d8b-11ee-b1da-002590c82437,"['1553168', '6354304']"
0f890818-032b-11ef-86e0-002590c0647c,['6172675']
0f9daf94-7995-11ef-9b7b-002590c82436,"['6784848', '6784848', '6600827', '6720225', '6792435']"
0fc1fd7a-e87e-11ee-9b7b-002590c82436,"['6807570', '6807684', '2128708', '4050369', '4083738', '1720992', '1720401', '7051059', '6344638', '1720083', '1885258', '1685220', '5296411', '4884727', '7051059', '1720083']"
0fce28d6-0a6e-11ef-86e0-002590c0647c,"['4990375', '4990390', '4990300', '4914904', '6204508', '5038339', '3721507', '5071207', '4914895', '1297118', '5322634', '5333260', '5012242', '5250961', '5038267', '6338047', '6160864', '6338008', '3728434', '6612848', '5135608', '4942615', '4942828', '6612845']"
0fe78d2c-8462-11ee-86e0-002590c0647c,"['5454070', '4065492']"
10ff94aa-f4c6-11ee-86e0-002590c0647c,['6572995']
11b1524e-a3dd-11ec-86e0-002590c0647c,['5255524']
11e2e10e-20c5-11ee-b1da-002590c82437,"['5194990', '1639532']"
11efe434-7b80-11ed-a1c4-002590c82437,"['6596873', '6434536', '6434533', '6434533', '6434533']"
1225ee06-a106-11ee-bbb1-002590c82436,"['811781', '6364183']"
12b0eb2e-2d15-11ee-86e0-002590c0647c,['5118277']
12fd40c8-e84f-11ee-86e0-002590c0647c,"['4024932', '3863818', '4909558', '6272173']"
1395dc08-8a5d-11ed-a1c4-002590c82437,"['4098720', '583368']"
14a5fd7e-c26d-11ed-86e0-002590c0647c,"['5897794', '6477439', '5480491', '5480479']"
14e36526-e785-11ea-8a53-0cc47a6d2fef,['3758833']
152d12bc-4c9d-11ea-86e0-002590c0647c,"['6792507', '6821835', '6688812', '5474224']"
15492920-4c9f-11ed-8644-002590c82437,"['1338851', '2753146', '6618674', '389244']"
158b7920-7294-11ef-86e0-002590c0647c,['5399602']
15c2b9b8-d2d5-11ed-a1c4-002590c82437,"['5404153', '6462280', '6461860']"
16983a16-4bfb-11ef-9b7b-002590c82436,"['4036134', '6282931', '4001289']"
1703507e-ff14-11ed-a1c4-002590c82437,"['6657963', '6467542']"
17453d84-8161-11e9-8a53-0cc47a6d2fef,['1752747']
179e9ba8-2f13-11ef-9b7b-002590c82436,"['5053528', '6678792', '2147962', '6678792', '1779579', '4993360', '6763671']"
17ea970e-163f-11ed-a044-002590c82437,['869501']
17f83e06-6933-11ef-9b7b-002590c82436,"['3718939', '6165904', '6375145', '5885059', '5887267', '5162950', '5217337', '6163978', '6209038', '5004049']"
1854985c-1c1e-11ea-8a53-0cc47a6d2fef,"['5944271', '5426167', '6369754', '2954803', '5053501', '6627419', '6461509', '4861678', '5066953']"
1869b118-8d15-11ed-a1c4-002590c82437,['2127103']
188abcb2-e56f-11ec-8086-002590c82437,"['3770947', '5938831']"
18928336-744f-11ef-9b7b-002590c82436,"['6144445', '6144382', '6144382', '6144382']"
1910eaaa-a120-11ec-a6e9-002590c82437,"['6415330', '6415330', '6415327', '6415327', '6415327', '6415327']"
191595c6-dd5c-11ee-9b7b-002590c82436,"['3726736', '1346144']"
19a7d1ce-34ed-11ee-b1da-002590c82437,"['5082460', '2525866', '1802958', '1850189', '1837454']"
19fea206-f5bd-11ee-9b7b-002590c82436,"['1376723', '1347095', '5176315', '5420338', '1376723']"
1a05a7da-6f18-11ee-86e0-002590c0647c,"['1026958', '4921792', '5928175', '6485701', '6285778', '3881752']"
1a68e3ac-aa52-11ee-86e0-002590c0647c,"['572180', '572180', '1026052']"
1ad397b2-4bb1-11ec-86e0-002590c0647c,['5398180']
1aeb10ec-0eae-11e9-a0d7-002590e45c38,['5361184']
1be80768-2bf1-11eb-86e0-002590c0647c,"['3777073', '3777073', '5131411', '3777073', '5131411', '3777073', '4963984', '6362515']"
1c6033aa-e350-11ed-86e0-002590c0647c,['4030974']
1cc92c5a-0061-11ef-86e0-002590c0647c,"['6381460', '6381352', '6581794', '6581794', '6581794', '1529189', '1529189', '1529189', '1529189', '1529189', '1529189', '1529189', '1529189', '6160015', '6160015']"
1cf88388-fe1f-11ec-86e0-002590c0647c,"['1736409', '5418112', '1686033']"
1d570bce-82b8-11ed-86e0-002590c0647c,"['6351592', '6351589']"
1d707d68-49d9-11ef-9b7b-002590c82436,"['6301360', '6301360', '6301360', '6301360', '6301360', '6876534', '6301369', '6301360', '6301360', '6301360', '6301360', '6301369', '6301369', '6301360', '6301360', '6301360', '6301360', '6301360', '6301360', '6301360', '6301360', '6301360', '5426017', '4967326', '4967326']"
1d7dac20-e440-11ea-a6e9-002590c82437,"['5947667', '6099769', '5399632', '1675382']"
1d928a9e-9b2f-11ec-86e0-002590c0647c,"['4971991', '5495368', '5479072', '6167776', '6167776']"
1dcd6280-0357-11ef-9b7b-002590c82436,"['734331', '772585', '6969429', '1779624', '1779624', '6334804', '6860523', '6860523', '5057266']"
1e00c92c-0b4f-11ea-a6e9-002590c82437,"['3738853', '4945510', '1854217', '6321463', '5474257']"
1e2adee4-2b41-11ef-9b7b-002590c82436,"['6666372', '5171275', '6674430', '6525328']"
1e4d07c0-10e7-11ec-86e0-002590c0647c,"['6275212', '4993357', '6612194', '6275212', '5870800', '5234995', '5870794']"
1e6b3a9a-add7-11ed-a1c4-002590c82437,"['5165182', '6087353', '6087353']"
1ebc1cb0-233a-11ef-86e0-002590c0647c,['1312757']
1f04bdb8-1a02-11ee-b1da-002590c82437,"['6299557', '1833872']"
1f0ed126-f7fc-11ee-9b7b-002590c82436,"['6225577', '7045428', '7045425', '6185692', '6185692']"
1f2997be-08b9-11ee-86e0-002590c0647c,"['5459977', '5459977', '5459977', '5459977', '5459977']"
1f312258-d3bc-11ee-86e0-002590c0647c,"['1225493', '3877573', '1490423', '774556', '711038', '1470200', '1225493', '6282928', '5249806', '1796973', '5290564', '3209956']"
1f4815fa-6b29-11ed-86e0-002590c0647c,"['6422749', '6415333', '1465943', '6422749', '6415333', '6422749', '6415333', '6415315', '6415324', '6422749']"
1f556134-224d-11ee-86e0-002590c0647c,"['5173393', '5173504']"
1f916e0e-ee4e-11ee-9b7b-002590c82436,['6092723']
1fb898d0-07f3-11ef-86e0-002590c0647c,"['5119339', '2691337', '4942729', '4044867', '3728767']"
1fb912de-e91b-11ee-9b7b-002590c82436,"['6129436', '5272114', '1779978', '1803171', '616885', '1222340', '1231349', '5354260', '5006983', '3795625', '5335471', '6518767', '6430948', '5044567', '5318503', '5279944', '4977778', '5318074', '6136264', '6274636']"
1fd88e96-0ce7-11ed-a044-002590c82437,"['5411053', '6101830']"
20840c04-0483-11ea-8a53-0cc47a6d2fef,"['3775192', '3775096', '3775081', '3766702', '1833932', '1450946', '3775108']"
212171de-742b-11ef-9b7b-002590c82436,['1845233']
219732f0-14c5-11ee-b1da-002590c82437,"['965425', '1780215', '964726', '1779978', '964975', '987436', '1780599', '963361', '1743054', '1779465', '6603350', '4871521', '787769', '6609062', '6609524', '5010763', '6609608', '6609641', '4846075', '5445799', '6122707']"
2297beb6-41b5-11ec-86e0-002590c0647c,"['5455669', '5356426', '1861312', '5355619', '5357167', '5355613', '5357221', '5355625', '5424829']"
229ec2a6-4867-11ed-86e0-002590c0647c,['6367696']
22a55566-7e98-11eb-86e0-002590c0647c,"['5277187', '5033800', '6304951', '6732372', '6304294', '6303472', '4053801', '6678771', '6142120', '4950820', '3624328', '4972006']"
22da766c-e8c2-11eb-a6e9-002590c82437,"['1863157', '2780719', '5945993', '4967275', '3855631', '1114780', '5013883', '6350038']"
235bad9c-ee86-11ed-a1c4-002590c82437,"['807562', '449427', '6854895', '6514753', '6362071']"
23e0a4a0-f0fd-11ee-9b7b-002590c82436,"['5066281', '4898467']"
23ef7322-ddae-11ec-843d-002590c82437,"['1739544', '1769442', '4051491']"
2488c89e-3e86-11ee-b1da-002590c82437,"['6321547', '6214216', '6214147', '6279733', '5911795', '6214285', '5031073', '5031073']"
24a66414-e140-11e9-86e0-002590c0647c,"['5915593', '6344014', '6991296', '5886811', '6870786', '6873567', '6222424']"
24aff1ca-564c-11ee-86e0-002590c0647c,"['5879887', '1312778', '4946035', '6096568', '6430654', '6096580']"
2507c77e-91ed-11ee-86e0-002590c0647c,"['4041426', '4164105', '4923223']"
2555d5a0-569e-11eb-86e0-002590c0647c,"['6404335', '6206707']"
255623c6-e1fb-11ed-86e0-002590c0647c,['5172535']
255d9280-a515-11ea-86e0-002590c0647c,['6730551']
25ee6e7e-393a-11ee-86e0-002590c0647c,"['1806849', '6665292', '6480367', '6553042', '6553024']"
260a3522-b8f4-11ec-a6e9-002590c82437,"['6729342', '6076895']"
260ea0a0-ddc2-11ed-a1c4-002590c82437,"['5177320', '5071003', '5314492', '5033662', '4942969']"
265f968e-1758-11ee-b1da-002590c82437,"['6643986', '5474302', '5374663']"
266620dc-93ba-11ea-a6e9-002590c82437,"['5870806', '1865269', '7066041', '5165146', '5402803', '2144641', '5402809', '1650851', '1650947', '1593752', '6824709', '6174130', '5129164']"
26961ff0-5ed4-11ef-9b7b-002590c82436,"['7082994', '5423767', '6653232', '3997365']"
26e8c0d8-6619-11ef-9b7b-002590c82436,['6207667']
27129f14-86d8-11ee-86e0-002590c0647c,['6368590']
276a76e0-4734-11ef-86e0-002590c0647c,['5015488']
2791b7fe-d4da-11ee-9e62-002590c82436,"['5053528', '1854862', '3844576', '6514078', '1714656', '5869471', '6129409', '964291', '964291', '6164842', '1026199']"
279b8084-1eb0-11ef-9b7b-002590c82436,"['6357208', '4861318']"
27a6fc1c-1f29-11ed-a044-002590c82437,"['889697', '989416']"
28127808-ffb4-11ee-9b7b-002590c82436,"['6542116', '6542116']"
2840a440-679b-11ef-86e0-002590c0647c,"['5272948', '5948174', '5272795', '2715058', '3738883', '3878164', '4945846', '5016730', '5016676', '5018599', '5400364', '5451967', '5945678', '6221683', '6227914']"
2852e09e-d6c4-11eb-86e0-002590c0647c,['4024323']
2854f402-14af-11ef-86e0-002590c0647c,"['5246623', '5246623', '5246623', '5245618', '5245618', '5245618', '5039464', '5039464', '5039464', '5042239', '6870783', '6870786', '5215717', '5045914', '5215693', '5215645', '5215690', '5215687']"
29587780-0149-11ef-9b7b-002590c82436,"['7065240', '7064121', '7060971', '5047099', '4964077', '4054227', '7097091', '6933525', '6316318', '3744502']"
2a03b794-9ae8-11ed-86e0-002590c0647c,"['1865902', '6421483']"
2a0f895e-41da-11ee-b1da-002590c82437,"['6407059', '1399763', '1399763', '1399763']"
2a80da6c-62d8-11ef-86e0-002590c0647c,"['5152489', '5419717', '5419717', '5191483']"
2ad2c2a6-c878-11ed-a1c4-002590c82437,"['2715049', '5399683', '5140285', '5142532']"
2ba2d208-1939-11ef-86e0-002590c0647c,"['2735929', '5402569']"
2c08ab42-440a-11ed-86e0-002590c0647c,['1631522']
2c38a4f6-5ea9-11ec-86e0-002590c0647c,['6229984']
2c708278-ad98-11ee-bbb1-002590c82436,"['5399725', '5927923', '5927923', '5927923', '6478462']"
2c996ca2-5998-11ec-a6e9-002590c82437,"['1833773', '6505600', '5007019']"
2caf5ffa-60b9-11ef-86e0-002590c0647c,"['5442235', '5443867', '5235295', '1375055', '1375526', '578409', '578377', '1411082', '6834783', '6834852', '4859353', '3719410', '6626229']"
2ce6c1b8-6f5d-11ef-9b7b-002590c82436,"['5177332', '5176861']"
2d3fff1c-4837-11ec-86e0-002590c0647c,['5876791']
2de6f5b4-6485-11ec-86e0-002590c0647c,"['3908553', '5088787']"
2e132980-a166-11ed-86e0-002590c0647c,['6588017']
2ed76552-808f-11ea-8a53-0cc47a6d2fef,"['6126883', '6127411', '3189574', '5180443', '6356305', '3909024']"
2fd0b7ae-edc5-11ee-86e0-002590c0647c,['5400292']
3003a5ac-9af6-11ec-a6e9-002590c82437,"['5152669', '1720395', '1629107', '1721064', '2753254', '1721064', '6723018', '1629008']"
30427a6e-6ddd-11ee-b1da-002590c82437,"['6299464', '1025683', '6538819', '1025683']"
30765eba-6373-11ef-9b7b-002590c82436,"['4973797', '4973998', '4973989', '4973806']"
310bd94a-63e3-11ed-86e0-002590c0647c,"['6680223', '5880142']"
313c3708-3b0c-11ec-a6e9-002590c82437,['5057671']
318edfa6-1883-11ef-9b7b-002590c82436,"['6276949', '6276949', '6276949', '6276949']"
319e4c6e-5850-11ee-86e0-002590c0647c,['6162163']
3200ffea-fbc5-11ed-86e0-002590c0647c,['3720313']
320a5698-4373-11ef-86e0-002590c0647c,"['3735328', '4954792']"
334174a4-7405-11ed-86e0-002590c0647c,"['1548422', '1548422', '7064721', '6365950']"
337b4b10-d90f-11ed-86e0-002590c0647c,"['6418501', '6418435', '4945342', '797346', '6443518']"
33d60106-70e7-11ef-9b7b-002590c82436,"['6783003', '6542137', '5074525', '6544750']"
3443b0d0-61b5-11ee-86e0-002590c0647c,['5166400']
34a73a28-7480-11e9-86e0-002590c0647c,"['1701669', '816040', '1719975', '816040']"
34a88276-ee4b-11e9-a0d7-002590e45c38,"['5047957', '5048800', '4075038']"
3534b878-20b8-11ea-a0d7-002590e45c38,"['6414640', '5191471', '1108552', '1719819']"
35fced18-84fe-11ed-a1c4-002590c82437,"['5400364', '5400364', '5048920', '5047390', '5047390', '6364165', '6364159', '6321616', '6212122', '6165556']"
3608367c-0302-11ef-9b7b-002590c82436,"['5129149', '5129149']"
36122c14-947a-11ee-bbb1-002590c82436,['6383962']
36806ffa-8f8c-11ee-86e0-002590c0647c,"['5215645', '5917072']"
36fc6a36-f0c8-11e9-a6e9-002590c82437,"['6613529', '6552985', '1758003', '6099730']"
36fca928-4a51-11ea-a0d7-002590e45c38,"['1899898', '6478162']"
37299710-eb72-11ed-a1c4-002590c82437,"['4829989', '6098278', '965407', '4859587', '4812592', '705142', '4859587', '6299635', '3764407', '6214369', '6133048', '2790478', '3637645', '6321358', '6133042', '1496636', '2693053', '1810472', '2520679', '5047006', '5047006', '1836218', '5047009', '1615040', '361720']"
372a452e-9bf5-11ed-a1c4-002590c82437,"['6100297', '4955143', '4955143', '3742399']"
3740647c-48d2-11ea-86e0-002590c0647c,"['5398210', '5182831', '6467596', '6467596']"
375a2078-aab3-11ee-86e0-002590c0647c,"['4987315', '1203712', '5487382', '280760']"
377135b6-fa76-11ee-9b7b-002590c82436,"['5240971', '5064415', '5100355', '6480409', '1780455', '1650872', '6841896']"
3826c1c0-4b6e-11eb-a0d7-002590e45c38,"['6486244', '6530947', '4089921', '5191180']"
38cd739e-30c1-11ef-86e0-002590c0647c,"['1771335', '1771236', '4993279', '4993093']"
390f22f6-a68a-11ee-86e0-002590c0647c,"['1720185', '1892137', '3722158', '6850800', '6442423', '6851286', '6291094', '3709687', '4873165', '4873165', '5869417', '5177527', '5177527']"
399ff5f6-ab22-11ed-a1c4-002590c82437,['6381763']
39c3f5e4-1b58-11ef-86e0-002590c0647c,['6858549']
3a444c92-f481-11e9-8a53-0cc47a6d2fef,['6269755']
3a45ce12-60a3-11ea-a6e9-002590c82437,"['6159907', '2678845', '6359134']"
3a58377c-76f3-11ee-bbb1-002590c82437,"['5037004', '1803132', '2785006', '2740321', '2709289', '4973041', '6671415', '6129181', '6772599']"
3a7311fe-b286-11ee-86e0-002590c0647c,"['5419765', '5419729', '6299578', '6299578', '583347', '1145686']"
3b9e83a8-35ec-11ef-86e0-002590c0647c,"['1779840', '7040970', '5421187', '5933413']"
3bc6008e-325d-11ed-9003-002590c82437,"['5451049', '5451049', '5028415']"
3bdb26de-ca26-11ec-86e0-002590c0647c,"['5018500', '5018497', '5903194', '5903629', '1758114']"
3cb02a74-f9c9-11eb-a6e9-002590c82437,['5065423']
3d06dd02-a1a5-11ee-86e0-002590c0647c,"['6144529', '4993183', '1540199', '5901382', '1855471', '4967302', '6777915', '1628936', '5190433', '6537061', '4967260', '5897410', '929755']"
3d13660a-9dc3-11eb-a6e9-002590c82437,"['786204', '3844537', '1114765', '2789380', '5134960', '6627325', '1847366']"
3d79556c-de09-11ee-9b7b-002590c82436,['6553003']
3d8eed32-9b3d-11ee-bbb1-002590c82436,"['6588041', '5160739']"
3dec1416-2ff7-11ec-a6e9-002590c82437,['6400822']
3e0714ba-1c6b-11ef-86e0-002590c0647c,"['5276305', '5899603', '5897830']"
3e07e8b6-eda6-11ee-86e0-002590c0647c,"['6588872', '6480406', '6645837', '5070952']"
3e8fc70a-b8ea-11ed-86e0-002590c0647c,"['484782', '3109597', '1516592', '639412', '484782']"
3ebf9d2a-c25b-11ed-a1c4-002590c82437,"['6172795', '6376993', '6172675', '6172750']"
3ef2a522-aadf-11ee-bbb1-002590c82436,"['6270412', '4963501', '681310', '681307', '5486347', '6778242', '4861417', '6551227', '6109942', '6109477', '6270412', '6270412', '681307', '6270412', '4963501', '5486347', '6551227', '6109477', '6778242', '6109942', '6270412']"
3f164334-8f3b-11ee-86e0-002590c0647c,"['4920463', '4920463', '4920463', '6548806']"
3f87b26e-2c9b-11ef-86e0-002590c0647c,"['7064949', '5426206', '5404648', '5185969', '5427874', '5363626', '5426206', '5363626', '5404648', '5426236']"
3fd63f78-5951-11ef-86e0-002590c0647c,['1902862']
406d81c8-6c55-11ef-86e0-002590c0647c,"['5362042', '5306230', '868072', '867971']"
40ccac2a-1d55-11ee-b1da-002590c82437,['5080849']
40d226b0-0ddd-11ed-86e0-002590c0647c,"['4800820', '3728659', '4876648', '1224935', '6530863']"
4113aa4e-3ace-11ee-b1da-002590c82437,"['3722134', '3722134', '1636763', '3750997', '5875012', '2984149', '3743923', '3743923', '6299638', '1885894', '1885423', '1885423', '4950865', '3844159']"
4147a044-6bfb-11ed-86e0-002590c0647c,"['2133910', '5157454']"
415039f2-8310-11ee-bbb1-002590c82437,"['853200', '6467560', '870162', '6467560', '820365', '820365', '820365', '6467569', '6467548', '6467569']"
41fde498-7cb3-11ee-86e0-002590c0647c,"['1587476', '5091763']"
429bfe96-9d01-11ec-a6e9-002590c82437,['6969786']
43830c78-13b0-11ef-9b7b-002590c82436,['4978216']
43aa07a2-68b7-11ec-86e0-002590c0647c,"['5871763', '6339427', '5444755', '4945069', '1443806', '6339421', '5067613', '3773755', '5269639', '6339586', '4945156', '4945114']"
43b7e844-7db5-11ee-86e0-002590c0647c,"['6731250', '6729288', '6625915', '6625877', '6530905', '6730551', '6971022']"
43d1fd24-f1af-11ee-9b7b-002590c82436,"['7043469', '6998274', '6812475']"
43dc04d0-c97e-11ee-9e62-002590c82436,['6592313']
448afd02-4949-11ed-8644-002590c82437,"['5059165', '6073670', '5320858']"
44a91048-b478-11ea-8a53-0cc47a6d2fef,"['6144595', '5079694']"
45afeefe-ac98-11ea-a0d7-002590e45c38,['1805715']
45c9056e-75db-11ee-86e0-002590c0647c,['5908594']
45fada0e-c13b-11ec-86e0-002590c0647c,['4982887']
4648ba50-3ddc-11eb-a6e9-002590c82437,"['3889236', '3210094']"
465b773c-e8a1-11ec-86e0-002590c0647c,"['6385063', '6383920']"
466eedf2-5b00-11ef-9b7b-002590c82436,"['6372022', '6095761', '5380576', '5247859', '5006929', '5406184', '5406184', '5406184']"
46c252e0-6374-11ef-86e0-002590c0647c,"['3829729', '2135497', '1705005', '1332566', '3718132', '2729362', '1802934', '3718132', '1332566', '1332566', '2135497', '3829729']"
47193196-115d-11ef-86e0-002590c0647c,['1496312']
473860ee-03c8-11eb-a6e9-002590c82437,"['1662452', '1662452', '5162599']"
47d32072-a814-11ee-86e0-002590c0647c,"['4993186', '5870791', '3773527', '5473309', '4993075', '5870821', '1719882', '5871739', '5059483', '4021461', '3998541', '3720313', '6298918', '778956']"
47d6b6f4-e54e-11ec-8086-002590c82437,"['6609410', '5445802', '6609524']"
47db8ad2-37fa-11ec-a6e9-002590c82437,"['6599864', '6167626']"
4813cd66-71c3-11ee-b1da-002590c82437,"['5060950', '2131891', '5908588']"
4814fc56-f93c-11eb-a6e9-002590c82437,"['5144368', '4925287', '6438169']"
482397ec-8f69-11ed-86e0-002590c0647c,['6478162']
488301ac-8b7e-11ee-86e0-002590c0647c,"['5191474', '5082421', '5253256', '6678792', '1810934', '5047993', '5016757', '1312877', '5444050', '5444050', '5087911', '5109844', '5444050', '5047993', '1810934', '5444050']"
49ab7544-8b9e-11ee-bbb1-002590c82437,"['6268843', '1779609']"
4a46ee0c-e54d-11ea-a6e9-002590c82437,"['5094475', '5458024', '5458030', '539154', '6331843', '5324782', '6864216', '6864540', '6864252', '5007433', '5275990', '5275993', '3753847', '4835590']"
4a69d0c8-bf99-11ee-bbb1-002590c82436,"['3758833', '4008375']"
4ada0322-9522-11ed-86e0-002590c0647c,"['5336710', '6136021', '4990378', '5037004', '4990366', '3764464', '6141820', '5053564', '6321592', '5143735', '391340']"
4b5aadb4-50c6-11ee-b1da-002590c82437,"['6620330', '5265904', '1252448', '1252448', '5265883', '5265886', '5265868', '815696', '5178001', '6477430']"
4bb28e8c-fada-11ec-86e0-002590c0647c,"['5390983', '5390983', '6506197', '6727383', '6478738', '5459998']"
4bbe26b8-2e99-11e9-a6e9-002590c82437,"['6565903', '5872684', '5872678', '5894041', '4923124', '5398480', '6461614', '6461614', '4959514', '3858226', '3858226', '5276035', '5276035']"
4bdca108-ea90-11e8-86e0-002590c0647c,"['6716067', '6716070', '6716040']"
4c13bf22-a305-11ec-a6e9-002590c82437,['1327967']
4c2e8c2c-a045-11ea-8a53-0cc47a6d2fef,"['4047933', '2730091', '2730091']"
4c428198-a8dc-11ee-86e0-002590c0647c,"['5048713', '3747910', '6078467', '5128294']"
4dafb6a2-6d37-11ef-86e0-002590c0647c,['5459896']
4dc3a6b8-3c82-11ed-8644-002590c82437,"['6290605', '6716049']"
4dc9f6c2-198f-11ee-b1da-002590c82437,"['6430987', '4867618', '4867618', '4960789', '4960789', '6431545', '6431545', '6367696', '4960822', '4960822', '6773751', '6773751', '4867606', '6656457', '6656457', '6474289', '4965229', '4965229', '6858549', '6118993', '6367696']"
4e228c24-9de5-11eb-86e0-002590c0647c,['770700']
4e241130-6eec-11ef-9b7b-002590c82436,"['6552013', '6925503', '6100261', '7184643', '6270352', '6575947']"
4e341978-f03e-11ed-a1c4-002590c82437,"['6100321', '3743185', '6380452', '6144652', '1673321', '1620731', '1719087']"
4e34af6e-e61c-11ec-8086-002590c82437,['4865272']
4e8ba45e-19d2-11ef-9b7b-002590c82436,['4885483']
4eb9bd7a-2b4b-11ed-86e0-002590c0647c,"['5376661', '2983102', '3719641', '5201329']"
4ec1e860-543b-11ed-86e0-002590c0647c,"['6134296', '6101473']"
4ed8e426-7427-11ef-9b7b-002590c82436,"['864103', '6356305', '864087']"
4ef964a4-9b65-11ed-86e0-002590c0647c,"['6304978', '6339349', '3773665', '4993048', '4054806', '6226036', '1376477']"
4efbc264-7462-11ed-86e0-002590c0647c,"['5450662', '814187', '2783386']"
4f103d9a-5d3a-11ee-b1da-002590c82437,"['2692987', '5870452', '6322012', '6214315', '6300994', '2784730', '2784730', '6665550', '6322012']"
4f818ebe-bdb3-11ec-86e0-002590c0647c,['3914568']
4f82f448-ed8c-11e8-86e0-002590c0647c,['5411047']
5024c746-79db-11ef-86e0-002590c0647c,"['890236', '1695006', '872687', '926888', '890217', '872687', '890236', '1722135', '869271']"
50509fb0-e63d-11ee-86e0-002590c0647c,"['6124264', '6077903']"
5084b43c-c731-11ea-8a53-0cc47a6d2fef,"['5305513', '6603680']"
50b90664-2d77-11ef-9b7b-002590c82436,"['5040520', '5143264']"
50f9dde8-dfc7-11eb-8a53-0cc47a6d2fef,['5216515']
5151e7d2-87c9-11eb-a6e9-002590c82437,"['6157489', '5495176']"
51bccae4-0dd0-11ef-9b7b-002590c82436,"['1776222', '6703329', '6653841', '6653844', '5885596']"
5200e544-68fc-11ef-86e0-002590c0647c,"['3575719', '5016727', '393846', '872696', '7033479']"
527ad54a-1495-11ef-86e0-002590c0647c,"['5305639', '5198635', '4942183', '5103103']"
52a97bf6-3c82-11ef-86e0-002590c0647c,"['1443779', '6679404', '1854226', '612283', '2526256', '5191462', '1863229', '1694613', '6645690', '5166640', '5143264', '3990462', '6645690', '965407', '5379376', '392345', '6134359', '4821976']"
52fd88c8-4e6c-11ed-8644-002590c82437,"['6518599', '5874967', '6857301']"
532a1ec6-8b0b-11ec-a6e9-002590c82437,['5090017']
5337c7b6-b560-11ee-bbb1-002590c82436,['3763234']
537b2f0c-64df-11ec-86e0-002590c0647c,"['6443644', '4873132', '4028217', '4041189', '4067715', '3915399', '5046265', '5044252', '3192940', '4873162', '6166780', '5046265', '5044252']"
539ca870-6ef6-11ef-86e0-002590c0647c,"['5279077', '2143192', '218956', '5279083', '5279077', '5052814', '1617497', '2143192', '3868081', '5052814', '5052814', '2982349', '3868081', '4010961', '5052814', '218956', '4924537', '218970', '5052814', '5279083', '6214339', '5279077', '218956', '5946236', '218970']"
53cb910e-ba26-11eb-a6e9-002590c82437,['6076055']
5483aa12-7b26-11eb-86e0-002590c0647c,['1721622']
54c8c9b2-c2b8-11ee-bbb1-002590c82436,"['4035888', '2682319', '6588467', '6588473', '5901388', '5897698', '5903155', '5121355', '5121355', '3907236', '6614063']"
54d65e78-db9c-11ed-a1c4-002590c82437,"['3204337', '7113963', '5081776']"
552eafca-1d5c-11eb-8a53-0cc47a6d2fef,"['6185128', '5484628', '5903191', '6553495']"
55b6a53e-8482-11ee-86e0-002590c0647c,"['5904706', '5052139', '6143017']"
55c596ac-3bbe-11ec-86e0-002590c0647c,['3821530']
560ec48e-ae40-11ee-bbb1-002590c82436,"['5096365', '6076952', '5096365', '6076952', '3197908']"
5661859c-afb3-11ee-bbb1-002590c82436,"['6127156', '5484628', '1833806', '6484798']"
567af436-4010-11ee-86e0-002590c0647c,['6449977']
56cb0734-1d23-11ed-86e0-002590c0647c,"['4800007', '5014714', '6404047']"
570ea81e-6215-11ec-86e0-002590c0647c,"['6522712', '4875265', '5245864', '5180164']"
5824374a-e53b-11ee-86e0-002590c0647c,"['6640044', '6626227', '4140180', '6597941', '6597902', '6536059', '6536065', '6339388', '4050138', '5396767', '5406190', '2719138', '972922', '5406938']"
588ddfb8-326b-11ec-a6e9-002590c82437,['6110974']
58a63fc2-5fa9-11ef-86e0-002590c0647c,['868072']
58b2e29c-cbd2-11ee-86e0-002590c0647c,"['4959568', '6673251', '6672717']"
58c8f898-a594-11ee-86e0-002590c0647c,"['4873183', '3776806']"
590efa8c-48d2-11ef-9b7b-002590c82436,"['1512992', '1548914', '1548986', '1548983']"
5915ebd6-68d7-11e7-a6e9-002590c82437,"['1779840', '6227902']"
592e9324-6cfe-11ef-9b7b-002590c82436,"['5091778', '6115129', '5060953', '6116764', '6116755', '6116752', '5117683', '5110684', '5877211', '5874574', '5063071', '5063218', '6851298', '5082367', '6116770', '6115129', '5117683']"
59303d3a-5568-11ef-86e0-002590c0647c,"['5312179', '5195005', '5915656', '4044741']"
5992fd1c-10a0-11ed-a044-002590c82437,"['5379376', '6121822', '5874565', '5095474', '5126941']"
59a84c02-57e9-11ef-9b7b-002590c82436,"['5108137', '6375568', '5124628']"
59b9d89a-1de2-11eb-86e0-002590c0647c,"['6553042', '6462343', '6462343', '5932042', '1752678', '4885906', '6650610', '989938', '6871740', '3719524', '4995850', '5457472', '5107162', '1130377', '5312905', '4964872', '4962385', '5495176', '2752297', '1312778', '3201829']"
5a656a18-79cb-11ef-9b7b-002590c82436,"['7065240', '6141781']"
5af6aaba-3627-11ef-86e0-002590c0647c,"['5230546', '1771020', '5360584', '5360584', '5360584', '5230546', '5399680', '1771020']"
5b12bfdc-7b7a-11ef-9b7b-002590c82436,"['6142114', '6142114', '6141817', '556727', '1377482', '881927', '725778', '197026', '1865797', '1865797', '1865797', '6339415', '6990714', '6495706', '6801300', '6164923', '6164923', '5322049', '6643464', '1704570']"
5b40dade-129a-11ed-86e0-002590c0647c,['4050180']
5b4a633e-cf69-11ec-86e0-002590c0647c,['1397123']
5c0a02da-28d4-11eb-a0d7-002590e45c38,['1834010']
5c359f4a-8b1f-11ec-a6e9-002590c82437,"['6336391', '6360121']"
5c4074c4-de42-11ee-9b7b-002590c82436,"['5333227', '6205387', '5462668', '6205387']"
5c9d7eaa-0110-11ed-86e0-002590c0647c,"['6102820', '6334804', '6102820']"
5d8e924e-3dd4-11ed-86e0-002590c0647c,"['5059480', '5059480']"
5d9757fa-524e-11ee-b1da-002590c82437,['1553150']
5db6dd50-6242-11ef-86e0-002590c0647c,['6588965']
5db7b9ea-72ab-11ef-9b7b-002590c82436,"['1457942', '4800475', '4899475', '1376864', '5134900', '6530977', '5060911', '1720518', '6549940', '6467098']"
5dc18e28-252a-11ed-86e0-002590c0647c,"['1551902', '608350']"
5ddf7f6e-c42f-11ee-bbb1-002590c82436,"['6588458', '6300346', '3770224', '6477556', '2705119', '4972072', '2705119', '1721241', '4883197']"
5e3cf866-78bb-11ee-bbb1-002590c82437,['4967629']
5e53e536-9185-11ec-86e0-002590c0647c,"['2716699', '5451049']"
5f214152-674f-11ed-86e0-002590c0647c,"['1836242', '5079793', '6525952', '3888235', '5102299', '5102299', '4050219', '4050219', '3888235', '5102299']"
5f47a016-d929-11ee-86e0-002590c0647c,"['4942651', '5173186', '6497218', '5173186', '6665562']"
5f589848-e523-11ee-86e0-002590c0647c,"['6319201', '6216172', '3999759']"
5f60c9e4-eccd-11ee-86e0-002590c0647c,"['1695987', '3837397']"
5f641f12-aa2b-11ed-a1c4-002590c82437,['3837085']
5f81101e-7426-11eb-86e0-002590c0647c,['6779358']
6017a06a-0fa4-11eb-8a53-0cc47a6d2fef,"['3845155', '3845155', '6366406', '6553048', '6553048', '6553471', '6553471']"
607e0d44-5643-11ee-86e0-002590c0647c,"['6437704', '6807897', '6807897', '6437704']"
61423868-e9ab-11ed-a1c4-002590c82437,['6864906']
616e0e2c-e066-11ee-9b7b-002590c82436,"['6310147', '5360608', '6604781', '1200562']"
61f86816-060e-11ee-86e0-002590c0647c,"['7075236', '4867660']"
6216d0ea-0f11-11eb-a6e9-002590c82437,"['5176903', '5176903', '3718660', '3718660', '1368221', '5071207', '5071207', '4887841', '5004163', '2709154', '5322613', '5176945', '5322601', '5248225', '5322580', '4940518', '5181229', '6144286', '5248225']"
62254c26-b71f-11ec-86e0-002590c0647c,"['4800667', '807538']"
629526bc-d578-11ee-86e0-002590c0647c,"['5904760', '5904763', '5904751', '5904706', '5904721', '5904769']"
630c63e6-ba96-11ee-86e0-002590c0647c,"['4025544', '6480775', '7034073']"
63d95dac-5a3b-11ef-9b7b-002590c82436,['6613193']
641b1522-47d0-11ee-b1da-002590c82437,"['713816', '6372478']"
64601b78-241a-11ef-9b7b-002590c82436,"['6453913', '561458', '561314', '1624778']"
648f870a-c69b-11ee-86e0-002590c0647c,"['550960', '1027666', '6560851', '813550', '1752180', '6125623', '7073637', '5223778', '6588479', '6971031', '2785810', '4885435']"
649bf724-4fcb-11ef-86e0-002590c0647c,"['3728542', '5419315', '5160586']"
65748d68-56ed-11ef-9b7b-002590c82436,['6077975']
65dba26c-b050-11ee-bbb1-002590c82436,"['5252350', '3916704', '1605149', '2780545', '1605149', '6581392', '6807558', '4083738', '5252344', '577239', '465312', '6437515', '1465787', '5136034', '5261863', '6087527']"
6617c5e6-7bf5-11ef-86e0-002590c0647c,"['1704486', '4935520', '1242002', '4936018']"
6626afea-a9bf-11eb-a6e9-002590c82437,['6812526']
6629077a-6859-11ef-86e0-002590c0647c,"['6141820', '6340693']"
6657773e-4380-11ef-9b7b-002590c82436,"['3728722', '3728722', '3733840', '3733840', '4967581', '5224132', '5224132', '4967560', '5071141', '5071000', '3190804', '2783317', '5015689', '5195008', '4967581', '5071141', '3733840', '5224132', '5071000', '5101252', '5101252', '5230366', '5224153', '3737899', '3737899']"
66cff34a-05dc-11ee-86e0-002590c0647c,"['5883622', '3858226', '6278494', '4036038', '5883622', '3858226', '5883622', '4036038']"
66d8818c-7696-11ef-9b7b-002590c82436,"['5315323', '5315323', '5386651', '5315323', '5315323', '5386651', '5386651']"
67847218-569d-11ee-b1da-002590c82437,['4880242']
679981b2-31e4-11ef-9b7b-002590c82436,"['3627370', '5489017', '3631906', '5488984', '6735456', '6174115', '5154913', '3728818']"
6836eb5a-0da6-11ed-a044-002590c82437,"['6604187', '6807573', '6642205', '4974088', '6577804', '6437698', '2691370', '6087737', '6373528', '6291574', '4083738', '4897336']"
685c287e-7ebc-11ee-86e0-002590c0647c,['6098548']
68c1c59e-c3d7-11ed-86e0-002590c0647c,['1429376']
690669b2-0407-11ef-86e0-002590c0647c,['3836971']
690b5d8a-7501-11ef-86e0-002590c0647c,['6548881']
695dc9ea-47aa-11eb-a6e9-002590c82437,['776372']
696f1d68-f35a-11ed-86e0-002590c0647c,['5240407']
69e49066-56ab-11ee-86e0-002590c0647c,"['5190829', '4997449']"
69f47b7e-1b37-11ef-86e0-002590c0647c,['4881580']
69fa6c26-da60-11ea-a6e9-002590c82437,"['4884691', '1885675', '5013385', '1719009', '5013421', '1719009', '4040070']"
6a2a66fa-af38-11ee-bbb1-002590c82436,"['5010739', '476408', '815887', '5388196', '6551605', '6551602', '6551557', '4830583', '734966', '6529864', '6501700', '6501643', '6658377', '6501673', '6501604', '6501577', '6353710', '5388196', '6501577', '6658377', '6658377', '6501700', '6501700', '6551602']"
6b20c670-154f-11eb-8a53-0cc47a6d2fef,"['6159940', '6772608', '5395273', '6727737', '4809202', '6395662', '6395722', '6395719', '6395668', '6393451', '6734436', '6394924', '6394255', '6394921', '6390481']"
6bbba6ee-455f-11ed-8644-002590c82437,"['5223859', '6719151', '6218059']"
6c43c8a0-6c1e-11ec-a6e9-002590c82437,"['5456575', '3844699']"
6c9ec5b2-5d95-11ec-86e0-002590c0647c,['5424145']
6cf89cae-be9b-11ee-bbb1-002590c82436,"['2702629', '2702629', '6334336', '5340424']"
6d3b7690-4ec0-11ef-86e0-002590c0647c,['6206647']
6d6d2434-73ef-11ef-86e0-002590c0647c,"['6531109', '1636676']"
6db11668-a5c9-11ec-86e0-002590c0647c,"['3988836', '2740321']"
6df13520-7d97-11ee-86e0-002590c0647c,"['5312170', '5312161', '5311519']"
6e1197a8-c3dd-11ed-86e0-002590c0647c,"['5228854', '2131693', '3888235', '5376661', '1885828', '6566257', '6620720', '6381664', '6134290']"
6e4e0e4a-c5df-11ee-bbb1-002590c82436,['1330250']
6e616cbe-a3a8-11ee-bbb1-002590c82436,['6282667']
6e74ec44-a3f2-11ea-a6e9-002590c82437,"['6089771', '4911277']"
6e7cba7e-4715-11ec-86e0-002590c0647c,['1779582']
6eab8528-ad0c-11eb-a6e9-002590c82437,"['2719792', '1837436', '1803198', '1837439']"
6eebff1c-018e-11ee-86e0-002590c0647c,['6142972']
6ef8aad2-6a0c-11ee-86e0-002590c0647c,['4967326']
6f4a5962-b992-11ec-86e0-002590c0647c,"['5071147', '5400361', '5070943']"
6f4bdbae-75e5-11ef-86e0-002590c0647c,"['6350785', '3719554', '3908937', '3844582', '3836680', '4026726']"
6f92a00a-e505-11ee-86e0-002590c0647c,"['5152657', '1685598', '1882693', '1685589', '930411']"
6fa92e2a-1782-11ee-b1da-002590c82437,"['6581782', '5877229', '5191045', '5498866', '6612851', '5482285']"
70641a3e-aa1c-11ec-a6e9-002590c82437,"['5877244', '5877205']"
70aa638c-f2eb-11ec-a074-002590c82437,"['5165197', '1679526', '5873497', '4962088']"
70dfe672-9a89-11ea-a0d7-002590e45c38,"['5073682', '5073682']"
7131771c-2d77-11ec-86e0-002590c0647c,['5140957']
71848f1c-d60c-11ed-a1c4-002590c82437,"['6773379', '3782728', '4800556']"
71d9da1c-564d-11eb-a0d7-002590e45c38,"['6483205', '5153188', '4942936', '5942459']"
71dfb50a-d3b2-11ee-9e62-002590c82436,['3998613']
71eecf14-7ab9-11ef-86e0-002590c0647c,"['2147266', '4967245', '2520520', '853752', '853197', '3998160', '3742438', '3927765', '3855838', '799675', '1855441', '2702647', '6214255', '1833932', '5166622', '4966525', '786851', '2682532', '1865899', '2748136', '5002207', '3855790', '2133667', '2710849', '3728059']"
722f9b36-c23f-11ed-a1c4-002590c82437,"['5894056', '2678752', '6101884', '6277015', '1891270', '5131411']"
732c6132-ef8d-11ee-9b7b-002590c82436,['7058409']
7340ada0-2954-11ed-a044-002590c82437,"['1847603', '5147977', '1312778']"
742a513c-2a14-11ee-86e0-002590c0647c,"['5244904', '5108209', '5108209', '1885561']"
743439c2-6cdc-11ed-86e0-002590c0647c,"['6645675', '6478858', '6624351', '6543076', '6543847', '6763629', '6788007', '6642235', '5142484', '6355843', '6543844', '6543859', '5030791', '3192940', '5017387', '6603677', '6577735']"
7467c440-9fb9-11ec-86e0-002590c0647c,"['1789293', '1026688', '6580936', '5070880']"
7508cfd8-b607-11ed-a1c4-002590c82437,['5454073']
752ba1ee-2c85-11ee-86e0-002590c0647c,['5934538']
75620b0a-799e-11ef-86e0-002590c0647c,"['4035468', '5131426', '1771335', '1786476']"
75fb3306-6b49-11ef-9b7b-002590c82436,"['5402584', '2735929']"
76302686-fc4e-11ec-86e0-002590c0647c,['4874692']
76393776-549e-11ef-86e0-002590c0647c,"['5182840', '6801585', '6801585', '6801585', '5182840', '5182840']"
765f9548-755c-11ec-a6e9-002590c82437,['3639265']
76faa0e6-5fe8-11ef-86e0-002590c0647c,"['6289354', '6289354', '5873497']"
775c2c9a-25a9-11ef-86e0-002590c0647c,"['5894047', '4873201', '6345355', '4873207', '5313502', '5398477', '5398480', '6275584', '6275167', '5385841', '5375152', '6419674', '6334822']"
77ab04e0-8473-11ea-a0d7-002590e45c38,"['6617228', '4967632', '6366388', '6110218']"
780da930-6e91-11ef-9b7b-002590c82436,"['4020264', '570707']"
780fd674-d300-11ee-86e0-002590c0647c,"['6651951', '6144100', '6483244']"
783c255e-a87c-11ec-a6e9-002590c82437,['6146395']
78760ac0-31a6-11ef-86e0-002590c0647c,"['5071444', '5071444', '5071444', '5071444', '5071444', '5071444', '6209083', '6209080', '6205420', '6208159']"
795db8bc-6b41-11ec-86e0-002590c0647c,"['1902892', '6100399', '5138311', '5138317', '5138302', '5138314', '6821994', '6415312', '6823914', '6585602']"
79c9bc5e-0ec8-11ec-8a53-0cc47a6d2fef,"['7113981', '6929223', '2124682', '6319789', '6751434', '483581', '372512', '1374278', '4012914', '2520679', '1769442', '6353188', '1470308', '4971985', '4972072', '1694613', '5113522', '5152681', '1126510', '4972006', '5419735', '1246391', '4791566', '4814779', '6147694']"
7a28f75a-cb7f-11eb-86e0-002590c0647c,"['5071309', '5071309', '1525772', '5071309', '1525775', '1525775', '1525772', '5071309', '5071309', '6699963', '1525772']"
7a3169d6-c36d-11eb-86e0-002590c0647c,"['5313169', '881912', '6731772', '5278966', '3887779']"
7a47794e-7c9a-11ef-86e0-002590c0647c,"['6599858', '5424106', '6174334', '3821950', '6599945', '6599945', '6421816', '4008366', '6599852', '5330728', '6600809', '6600809', '6671931', '2718925', '4977760', '5007058', '2736433', '4055151', '1705020', '3209929', '5007424', '5007424']"
7a6b65ca-d47e-11ea-8a53-0cc47a6d2fef,"['6609602', '6316816', '5269696', '218954', '1473305']"
7aed8dce-8517-11ed-86e0-002590c0647c,"['5091700', '5334604', '5934034', '5894011', '1747155', '5934937', '5398492', '5934568', '5934034', '5935120']"
7b58219e-a1f9-11ed-86e0-002590c0647c,"['6353401', '6353404', '6353401']"
7b99cb96-f2aa-11ee-86e0-002590c0647c,['6405841']
7b9db6b8-a1b8-11ee-bbb1-002590c82436,"['5885596', '5886313', '5886346', '5886820', '6208219', '6208231', '5883199', '6206716', '6204784', '6205030', '6204769']"
7bd97acc-8c87-11ee-86e0-002590c0647c,"['6204790', '6209050']"
7c175702-9a66-11ed-a1c4-002590c82437,"['6550102', '2702560', '7074159']"
7cd572bc-5961-11ef-86e0-002590c0647c,"['6300382', '5070253', '6300358', '5471080']"
7d3130a0-e592-11ed-86e0-002590c0647c,['5113558']
7d5d70b0-1945-11ef-86e0-002590c0647c,['4945936']
7d9157c4-ffe3-11ea-86e0-002590c0647c,['5100457']
7da0240c-6850-11ed-86e0-002590c0647c,"['1250447', '4896259', '6333952', '6219031', '1104628', '5360908', '4899661', '3755149', '5360455', '5360575', '5362051', '6143008']"
7dcabdde-739f-11ed-a1c4-002590c82437,"['5427877', '5194096']"
7de07476-7cb7-11ef-86e0-002590c0647c,"['6333970', '7058385', '4945927', '5489878', '5018647', '7034082']"
7de3e920-7762-11eb-86e0-002590c0647c,"['5239711', '5239711', '563223', '563223', '563223', '563223', '695645', '5239711', '5239711', '563223', '563223', '835982', '695645', '5239711', '563223', '563223', '1613756', '4885897', '695645']"
7e01bac2-1d1d-11ef-86e0-002590c0647c,['735266']
7eb144c8-d3d9-11eb-a0d7-002590e45c38,"['2702728', '2702728', '2694883', '2694883', '2694883', '3790981', '2702728', '4013835', '843469', '2694883', '3728176', '3836956', '3837196']"
7ee9dec6-61c5-11ec-a6e9-002590c82437,"['1735878', '5215657', '393850', '6503737', '5196025', '5196019', '6850239', '5028439', '5031085', '5451871', '5029648', '2716663']"
7f1b5bac-6d59-11ef-9b7b-002590c82436,"['5092588', '1254455', '6099988', '1281680', '6106399', '1745151', '5404999', '2788459', '5315746', '5160520', '5079703', '1257506', '6106399', '5312218']"
7f30ce42-92d8-11eb-a6e9-002590c82437,"['1780038', '1780836']"
7f3200c4-95e8-11eb-86e0-002590c0647c,"['5080891', '5874577', '6642925', '5252335', '4010310', '5252323', '532679', '5136655', '5136625', '5240503']"
7f487cb2-afd6-11ea-a0d7-002590e45c38,"['5132485', '5190748', '3770224', '3770224', '4945966']"
7f6497ea-519d-11ef-9b7b-002590c82436,"['6997608', '6997602', '6997572', '6997878', '6997548', '6997542', '6997488', '6997473', '6997917', '6997482', '6997614', '6997479', '6997938', '6997971', '6997911', '6997887', '6997851', '6997578', '6997557', '6997521', '6997953', '6997929', '6997926', '6997869', '6997635']"
7fa7ce8e-7105-11ef-86e0-002590c0647c,['1670609']
7ff640b2-2768-11ec-a6e9-002590c82437,"['5131393', '4945786']"
8011f5f2-db19-11ee-ad8e-002590c82436,"['3845872', '698755', '3844822', '698770', '3998541', '698770', '698770', '698770', '698770', '698770', '698755', '698755', '698755', '698755', '698755', '698755', '698755', '698755', '698755', '3998541', '3998541', '873217', '873217']"
80fd661c-8049-11ed-86e0-002590c0647c,"['1773699', '6438604', '6137098', '4995787', '4995754']"
810439a2-2637-11ef-9b7b-002590c82436,"['6534103', '6533770', '6533038', '6531016', '6525967']"
8130c728-7ae9-11ee-bbb1-002590c82437,['1602941']
814d8f84-9327-11ed-a1c4-002590c82437,['5493679']
816cb80c-d4b1-11ed-a1c4-002590c82437,"['6672138', '6419791']"
81721d26-497a-11ef-86e0-002590c0647c,['6722766']
81aeaa74-14cf-11ee-86e0-002590c0647c,['5071315']
81d95dec-0be5-11ef-86e0-002590c0647c,"['6627409', '6110230']"
81e3ac7e-436d-11ef-86e0-002590c0647c,"['5071087', '4825249', '1885534', '5108167', '1885876']"
81edb57e-0ebf-11ec-86e0-002590c0647c,['4899493']
81fd87d8-7ecb-11ed-a1c4-002590c82437,"['4068537', '4007580']"
823cc314-e2dc-11ee-86e0-002590c0647c,['7065732']
825c1458-042c-11ec-86e0-002590c0647c,"['6850803', '6173449', '6124189', '5053666', '5063170', '4794860', '6360895', '5109796', '5063179', '6296830']"
827199dc-ddaa-11ed-a1c4-002590c82437,['5014714']
829a65fc-c003-11ed-86e0-002590c0647c,"['5349733', '5349733']"
82c5b07a-7a80-11ef-86e0-002590c0647c,"['4004070', '3195571', '2789989', '5247874', '3199750', '4978084', '4978084', '5314225', '5224123', '5186206', '5180077', '5180077', '5453812', '5453812', '5453812', '5179960', '5179960', '5179960', '4978276', '4978276']"
82cc72ec-7bb3-11ee-86e0-002590c0647c,"['5888626', '5354290', '5354308', '5354296', '5354275', '5239792', '5184595', '5354278', '5354299', '4915159', '4987294', '4987177', '5165203', '5888578', '5888575', '5888626', '4987294', '4987177', '6783129']"
82fd5710-d415-11eb-a6e9-002590c82437,"['5143321', '1854652', '5111665', '1234559', '664921', '664974', '664921', '664974', '6645690', '5024317', '1833725']"
839e12ec-5af7-11ef-9b7b-002590c82436,"['4019121', '4019121']"
83c5b504-690e-11ed-86e0-002590c0647c,"['852471', '4830457', '6681228']"
83c833ca-fe62-11ee-9b7b-002590c82436,"['6401452', '6401500', '5108134', '5114458', '6553003', '6527326', '7047159', '2961040']"
83ce845e-adc1-11eb-8a53-0cc47a6d2fef,"['3777142', '4966582', '4965217']"
83e7db14-7be2-11ef-9b7b-002590c82436,"['4989520', '6461626', '6555208', '5071243', '6101869', '5482291', '4873216']"
840bc978-4b97-11ef-9b7b-002590c82436,['6649176']
84594d56-30d0-11ef-9b7b-002590c82436,"['5398204', '4873198', '5934937', '5934937']"
847c2fb4-bdb9-11ed-a1c4-002590c82437,"['1721772', '1716684']"
847d4c04-4ab8-11ef-9b7b-002590c82436,['6299638']
84880dd6-bacd-11ee-86e0-002590c0647c,"['6604073', '6604820', '5140846', '5140978']"
84f8d5d2-7e1b-11ee-86e0-002590c0647c,"['3777112', '4138767', '4078893', '2741671', '4040538', '3201988', '4914904', '1407332']"
8541d6cc-6a94-11ef-9b7b-002590c82436,['1758351']
85e8f036-16ef-11ef-86e0-002590c0647c,['6565912']
86175382-f3f4-11ed-a1c4-002590c82437,"['6115102', '5874589', '5124628', '5165158', '6136237', '5162551', '6136264']"
863ae65a-b06d-11ed-86e0-002590c0647c,"['6268843', '5440756', '5045908', '5043568', '4935520']"
86417008-c7d6-11ed-a1c4-002590c82437,"['6344164', '6344152']"
86de2548-13e2-11ef-86e0-002590c0647c,"['3741196', '3795898', '3795898', '3795898', '3795898', '3741196']"
8715f356-490a-11ec-86e0-002590c0647c,['5177335']
87da8df8-7a8d-11ef-86e0-002590c0647c,"['5109820', '1650938', '4959424', '5012446', '5935300', '5945003', '5944934']"
880a3016-a38b-11ec-a6e9-002590c82437,['6531115']
882fd160-4765-11ef-9b7b-002590c82436,"['6598358', '6319219']"
8866a924-664e-11ec-86e0-002590c0647c,['6360916']
887c3980-6278-11ec-86e0-002590c0647c,"['5933425', '5367490', '5367487', '4876324', '3728653', '3208027']"
88a41df0-58eb-11ed-8f0a-002590c82437,"['4159404', '4884256', '4884343', '6110056', '5272645']"
88b28b1c-3475-11ef-9b7b-002590c82436,"['6831762', '6831762', '1619096', '5410858', '6599840', '6599840']"
88ddc8dc-a52f-11eb-8a53-0cc47a6d2fef,"['5894056', '5894056', '696442', '453764', '5246179', '3728368', '5094451', '2702731', '3907167', '6291313', '703137', '484918', '3963213', '1786116', '846547', '718659', '1470002', '699374']"
890c4f9a-9659-11ee-bbb1-002590c82436,['6461110']
891728d8-1253-11ed-86e0-002590c0647c,['1797000']
892bac2e-58aa-11ee-86e0-002590c0647c,['6552274']
894491ae-badd-11ee-bbb1-002590c82436,"['1043479', '6279817', '5576080', '6929214', '6436573']"
8996af14-7d8f-11ef-9b7b-002590c82436,"['5498092', '5498092', '5498092', '5498092', '5498092', '5498092', '5498092', '5498092', '5498092']"
8a5b6494-6cba-11ee-86e0-002590c0647c,['5154910']
8a9cbf48-f164-11ec-a830-002590c82437,"['6333244', '3867922', '6690237', '3868066', '3868021', '3868114', '3867826', '6497956', '3632569', '3868066', '1617497', '3867796']"
8ad9e058-7763-11ef-86e0-002590c0647c,"['6315193', '6160792', '6146908', '5932042', '5925172', '5925175', '5873569', '5873563', '5873509', '5463616', '5307865']"
8adc8b84-fbad-11ec-a074-002590c82437,['5066233']
8b9f55c4-5e45-11ed-ab15-002590c82437,"['5191156', '2135302', '6559711', '2787232', '3627547', '4164402', '2154100', '4826728', '5191156', '835982']"
8c20f4a2-4a0f-11e8-a0d7-002590e45c38,"['5027542', '6361003', '6530863', '332367', '6185122', '2134585', '6549433', '3861568', '6359119']"
8c37b53e-5c2a-11ed-86e0-002590c0647c,"['5141977', '1665926', '3758872', '1692831']"
8c9e0e9a-e079-11ee-86e0-002590c0647c,"['4028628', '6437164']"
8ca049f8-5cf6-11eb-a6e9-002590c82437,"['1776024', '1776024', '2521756', '868072']"
8ca1be12-398f-11eb-86e0-002590c0647c,"['5927140', '6767421', '5172544']"
8d691644-fffd-11eb-a0d7-002590e45c38,"['6525973', '6665553', '6525967', '5113558', '5113558', '1397069', '2696020', '5944937', '4960846', '4960846', '5281495', '5093710', '1743054']"
8d99e44c-09c7-11ee-a1c4-002590c82437,"['6646002', '6971166', '5897761', '6730545', '6109270', '2715088', '6214306']"
8dd7b55a-9949-11ec-86e0-002590c0647c,['5131411']
8ddc711c-5ef5-11ee-86e0-002590c0647c,"['5926045', '6793494', '6793491', '6146638', '6134194', '6729312', '1232006', '6626225', '6626229', '6626227', '6654825', '6655143', '6655773']"
8de8fb7c-6a15-11ef-86e0-002590c0647c,['5393767']
8f2c9fd2-396b-11ef-86e0-002590c0647c,['4048047']
8f79f6e4-4bbd-11ed-86e0-002590c0647c,['6088031']
8f83c854-c0ce-11ee-86e0-002590c0647c,"['1834010', '1834010', '1834010', '583355', '1885816', '1788960', '6722763', '5131411', '5014714', '7033824', '1865494', '1834010']"
8fa8dad6-1d64-11ed-86e0-002590c0647c,['5265892']
8fb8e77e-6f9b-11ef-86e0-002590c0647c,"['200171', '5427076', '5427076', '5427076', '5427076']"
900b62d8-270c-11ef-86e0-002590c0647c,['218992']
9062c718-1486-11eb-8a53-0cc47a6d2fef,"['1720146', '5668579', '1834007']"
911634ac-09f5-11ef-86e0-002590c0647c,"['3862525', '4007040', '730629', '2147800', '1874056', '1885543', '1265003', '730629', '1885543', '1794732', '3194839', '3755266', '3758869']"
913ea3d2-4602-11ed-86e0-002590c0647c,"['4924993', '5007250', '5007250', '5906203', '3998613', '6404341', '2746384', '2691316', '6473029', '5887258', '5887258', '4887661', '4910899']"
916ab424-d85e-11ed-86e0-002590c0647c,['5904808']
92185c12-61e5-11ee-86e0-002590c0647c,"['5052862', '6214363', '6214138', '5052907']"
9256c2b2-02a6-11ed-86e0-002590c0647c,"['4049835', '4049835', '4056438']"
92651340-12bb-11ef-9b7b-002590c82436,"['1646633', '2735998', '5145631', '5145631', '2980441']"
9295cb16-1615-11ec-a6e9-002590c82437,"['5177335', '5177335']"
92befe3e-2d22-11ee-b1da-002590c82437,['3889284']
93681810-514e-11ef-9b7b-002590c82436,['1114765']
9434610e-757f-11ef-9b7b-002590c82436,"['1976626', '1976626', '5044015', '5044015', '4945354']"
944dcebe-8adc-11eb-a6e9-002590c82437,"['5386858', '4063698', '4085532']"
94600136-a468-11ed-86e0-002590c0647c,"['6109513', '6672906']"
94ae064a-eaca-11ec-86e0-002590c0647c,"['5113558', '1891477', '5191462']"
951fbaea-7a54-11ee-86e0-002590c0647c,['6130393']
95bcae8c-943e-11ee-86e0-002590c0647c,['4070811']
95cca50a-6107-11ed-86e0-002590c0647c,"['1774095', '5278963', '1658954', '3917007']"
96141c6a-60bd-11eb-8a53-0cc47a6d2fef,"['551209', '1027666', '6681264', '4965778', '4965835', '815697', '815696', '2719882', '3642268', '3720874', '2726665', '551209', '891717']"
96328374-c0ec-11ea-86e0-002590c0647c,"['5152693', '5152693', '3861508']"
966d61ee-d3fe-11eb-8a53-0cc47a6d2fef,"['6731226', '6729993', '6729342', '6729312', '6626523', '6626527', '6221683', '6216250', '6102817', '6304984', '6304342', '6221710', '6221704', '6221686', '6167803', '6167515', '6105790', '6221683', '6098215', '5912920']"
96846b08-d098-11ed-a1c4-002590c82437,"['6227428', '5459545']"
96c440be-5f04-11eb-86e0-002590c0647c,['5919193']
9846ee24-b1ae-11e8-a6e9-002590c82437,"['4089921', '4067715', '5066935', '2708149']"
984dc462-6a61-11ee-86e0-002590c0647c,"['1671545', '6585602', '5011489', '5087095', '5020915', '1767267']"
98776f26-9683-11e9-a6e9-002590c82437,"['5709685', '5724379']"
98b8c92c-74df-11ef-9b7b-002590c82436,"['5446570', '1844801', '1812893']"
98beedf8-6e28-11ed-86e0-002590c0647c,"['1545218', '4975078', '2732197', '4025544', '5223904', '5378995', '1805613', '4967293']"
98cd9362-48e2-11ef-9b7b-002590c82436,"['5249083', '5249083', '5194126']"
9928018e-6414-11ee-b1da-002590c82437,"['7060743', '7060734', '7060737', '6932256', '6932259', '6334675', '2744890', '6216172', '5033734']"
999bd844-0f45-11ee-86e0-002590c0647c,['5928382']
99e31a04-2751-11ef-9b7b-002590c82436,['6722703']
9a696b96-be87-11ee-86e0-002590c0647c,"['6134296', '6542662', '5171068', '5029642', '5097508', '2523157', '5105200', '3709516', '4946275', '5444647', '5342785', '5398087', '5398090', '5027791', '2517436', '5031088', '5028931', '5451967', '6542143', '5305510', '5421145', '5421220']"
9a6d2bbc-b605-11ee-bbb1-002590c82436,"['5477677', '3718624']"
9a893954-6164-11eb-a6e9-002590c82437,"['5163178', '4972093', '1639949', '1800981', '1557812', '1801200', '4825252', '273472']"
9a94ecd8-e8dd-11ed-a1c4-002590c82437,"['5031073', '5052862', '3728728', '3728728', '1817723']"
9af49aa6-4f48-11eb-86e0-002590c0647c,"['7040025', '6716037', '6523864']"
9af4efec-4355-11ef-9b7b-002590c82436,"['5031073', '6523069', '6562273', '2702695', '1771182', '1241972', '4946194', '4967485', '5451088']"
9b0d078e-6ebc-11ef-86e0-002590c0647c,['5148088']
9ba31f86-b7a4-11ea-86e0-002590c0647c,"['4899412', '4899448', '6110779', '6209044', '5923600', '5945006', '5945006', '5945006']"
9ba78dde-dfb8-11ed-a1c4-002590c82437,"['1262381', '1262381', '5113522', '3999396', '6681273', '5113522', '5028415', '2788705', '5363638', '905673', '6098311', '5932396', '5932396']"
9be46da2-7a7c-11ef-86e0-002590c0647c,['6467602']
9c181a78-7084-11ef-86e0-002590c0647c,"['1739007', '4883815', '1739022', '5286886', '6534115', '5012284', '3627853', '5194144', '5218714']"
9c20607c-2d6b-11ef-9b7b-002590c82436,['6135010']
9c22ee8c-220a-11ed-86e0-002590c0647c,['6555214']
9c8e76ae-088d-11eb-8a53-0cc47a6d2fef,"['6091100', '6278959', '1731723', '6222616', '6222640']"
9d0975a2-393f-11ef-86e0-002590c0647c,['1763331']
9d55f010-ef65-11ec-a830-002590c82437,['1631708']
9da2ba6c-70e2-11ee-b1da-002590c82437,['5071219']
9dbc652c-fd53-11ee-9b7b-002590c82436,"['1964266', '1964266', '201865', '5015908', '5015896', '815890', '815890', '815890', '180273', '815701', '815701', '656987', '5015896', '5015908', '656987', '656987', '5015896', '5015908', '656987', '5015908', '5015908', '5015896', '5015908', '201865', '815697']"
9dc32f9a-710a-11ee-86e0-002590c0647c,"['1959553', '4975486']"
9e4d18ac-a89d-11ee-bbb1-002590c82436,"['2789371', '3734299']"
9e68f2a8-d876-11ee-9e62-002590c82436,"['4876384', '6450817']"
9e6ad592-73c3-11ec-a6e9-002590c82437,['2981431']
9eec796e-ae30-11ed-a1c4-002590c82437,"['6450217', '483367', '6450217']"
9fb44af0-e584-11eb-a0d7-002590e45c38,"['3844414', '3915399']"
9ff207da-cd4d-11ec-86e0-002590c0647c,['5160505']
9ffdb606-1a02-11ec-a6e9-002590c82437,"['1374854', '1374854', '1374854']"
a09fc834-f0cd-11ee-9b7b-002590c82436,"['5031148', '1677323', '5142457', '5160493', '1885423', '5360626', '5087935']"
a111a4d4-9708-11ec-86e0-002590c0647c,"['3720277', '6156409', '5278144', '1125214']"
a163af5e-048b-11ed-86e0-002590c0647c,"['6730560', '5119393', '6376045', '6376045']"
a1aa75cc-29c5-11ef-9b7b-002590c82436,"['6147691', '6147748', '6148279', '6357199', '5904808', '5073736']"
a2004dbe-6b1f-11ed-86e0-002590c0647c,['6581374']
a235537a-0bea-11ef-86e0-002590c0647c,"['4873132', '4873132', '5334562', '5334562', '5042212', '1754949', '2719270', '5068135', '1805697', '1805697', '4959568', '1126510', '6291310', '3720313', '737420', '4897381', '725781', '739249']"
a2422c98-6c91-11ed-86e0-002590c0647c,"['6109906', '3910020']"
a246ac9e-88ac-11ea-a0d7-002590e45c38,"['5047102', '4946176', '1705011', '4945948', '5071147']"
a366635c-0f73-11ee-b1da-002590c82437,"['5903656', '3635326', '6220168', '2694289', '5903191', '5903191', '5104111', '5903626', '5903191', '5903623']"
a37768a8-c2bc-11ee-86e0-002590c0647c,"['5912335', '5912332']"
a37b310a-d724-11ee-86e0-002590c0647c,"['4935838', '5131411', '5178007', '4946128', '4945882', '4946176', '4975078', '2139379', '4920484']"
a37c5858-102f-11ee-86e0-002590c0647c,['4798681']
a42e701a-b9f3-11ee-bbb1-002590c82436,"['5490082', '1855504', '6288652', '1885867', '5313535', '1224950', '5016643', '1879594']"
a447c43e-0103-11ed-bf62-002590c82437,"['5020723', '5142055', '2715037']"
a4e37d02-5aa0-11ec-a6e9-002590c82437,['5345260']
a4f33904-52be-11ef-9b7b-002590c82436,"['6679407', '5162611']"
a4fdc854-c20b-11ee-86e0-002590c0647c,['5451085']
a521ad06-3506-11ee-b1da-002590c82437,"['1736424', '1736424', '1736424', '5070892', '5070892', '5070892', '5070892', '5070892', '1246391']"
a52a1f0e-a2f8-11ed-a1c4-002590c82437,"['1509749', '1695636', '4973023', '4973056', '4973005', '4973014', '6239353', '1449725', '5078737', '5078713', '6788049', '4992322', '5145298']"
a66b367e-1b86-11eb-a0d7-002590e45c38,"['5191153', '5191045', '1721310', '1721310', '2711773', '4899313', '1879594', '5142556']"
a67a2cf6-a8fd-11eb-a6e9-002590c82437,"['5050321', '5487499', '5047903', '727061', '5319163', '3749989', '5177305', '5021053', '4054851', '6174175', '6121759', '5070361', '3725125', '3875359', '5377885', '6172621', '5281621', '6121867', '5365042', '931366', '6403183']"
a69b98f2-fecb-11ed-a1c4-002590c82437,"['5154397', '6180268']"
a6ede1e6-acbf-11ee-86e0-002590c0647c,"['6290518', '6655374', '6655407', '6407740', '6407737']"
a6f37f36-1537-11ee-b1da-002590c82437,"['5134471', '5047357', '5047357']"
a70bb54c-97d3-11ed-86e0-002590c0647c,"['6383944', '6383944', '6383944', '5946314']"
a734b574-fbdf-11ea-86e0-002590c0647c,"['5380111', '5386738']"
a7562506-6706-11ef-9b7b-002590c82436,"['6719577', '6583523']"
a83ba846-c20a-11eb-8a53-0cc47a6d2fef,['4951042']
a8bd9602-32f1-11ef-86e0-002590c0647c,"['6925557', '6925458', '6730521', '6541900', '6730506', '6730488', '6730479', '6730017', '6729357', '6664467', '6626519', '6626527', '6566257', '6552274', '6478738', '6648147', '6533023', '6501967', '6473038']"
a8e305d6-03a0-11ed-bf62-002590c82437,"['6543046', '6731796', '4992355', '4992331', '6729279', '6729279', '6733302', '6729273', '6729273']"
a8ee17ee-9f0c-11ec-86e0-002590c0647c,"['5329666', '5147986', '1777239', '2747917', '1758351', '1731798']"
aa313f52-5817-11ef-9b7b-002590c82436,"['2982436', '3210094', '5399689']"
aa61774e-0700-11ee-a1c4-002590c82437,"['5495146', '1879576', '6588458', '4811089', '7064949', '5924287', '4959547']"
aaba9036-742d-11ef-86e0-002590c0647c,"['5444341', '5444341', '5443774']"
ab2ea220-6ea4-11ef-9b7b-002590c82436,"['6581386', '5149885']"
ab437cca-3aa5-11ed-86e0-002590c0647c,['1780824']
abb5ddb8-a925-11ec-86e0-002590c0647c,"['5928868', '5342968']"
acce9a0c-6cf3-11ef-9b7b-002590c82436,['3735352']
ad33016c-d406-11ee-86e0-002590c0647c,['1722555']
ad78d3b2-1d27-11ea-86e0-002590c0647c,"['7040943', '6773805']"
adb80c18-27c1-11ef-9b7b-002590c82436,"['6211621', '7087512']"
adcdfca8-8871-11ed-86e0-002590c0647c,"['5499355', '6209059', '6209059', '6099619', '1611077', '5499349', '4997479', '4997479', '4997479', '5006887', '5499355', '4046415']"
ae89c76a-9f69-11ea-8a53-0cc47a6d2fef,['6850740']
af48f22c-e99e-11eb-a6e9-002590c82437,"['2787613', '6108286', '6404029', '1830059', '7039086', '6667524']"
afb534b8-56bd-11ed-8f0a-002590c82437,"['2711326', '1211161']"
b04f0702-6be2-11ed-ab15-002590c82437,"['5149171', '5148889', '4867603', '6854244']"
b054c6fe-9be0-11ee-bbb1-002590c82436,['6812148']
b06f1bc4-40c5-11ee-86e0-002590c0647c,"['6362905', '6362905', '6362905', '801769', '6362959', '5114410', '3837091', '5021047', '6090077', '5376739']"
b0aa4c48-9fc2-11ed-a1c4-002590c82437,['5250649']
b18c53b6-7b46-11ea-a0d7-002590e45c38,"['1704885', '6118204']"
b1c1ed04-0bc9-11ec-a0d7-002590e45c38,"['4982644', '4982644']"
b1dcc088-82ec-11e9-a0d7-002590e45c38,['2716750']
b2341b20-6260-11ec-86e0-002590c0647c,"['5398717', '6273856', '6600815', '5173405', '2982412', '5173393', '1443869', '1636865', '5194999', '5305513']"
b29d0f3e-8a84-11ed-86e0-002590c0647c,"['6625663', '3863773', '6102820', '6102820']"
b375b438-23f9-11ee-b1da-002590c82437,"['6321946', '6730569', '6321571', '2127139', '6214378', '5132491', '6214330', '4800466', '1398479', '4950922', '5252554', '4957117']"
b386c28c-d9a0-11eb-a6e9-002590c82437,"['6727971', '6727971', '3725188', '757328']"
b3a8c828-7068-11ec-a6e9-002590c82437,"['5178010', '1704516', '1805616', '5047102', '2128150', '3728710', '5479072', '2124628']"
b3f4f67e-d8be-11ee-86e0-002590c0647c,"['6613553', '6770664']"
b4775e20-7193-11ef-86e0-002590c0647c,"['5110648', '5110648', '5722399', '5735110']"
b487f440-7c04-11ee-bbb1-002590c82437,"['5207275', '6430963', '6921402', '1891378', '1700421', '1700391', '2745295', '1843214']"
b4cb027a-a8b1-11ed-86e0-002590c0647c,"['5359516', '1046503', '3845305']"
b4e7cfe6-1c00-11ee-b1da-002590c82437,"['1865761', '1833809', '6678783', '2723674', '1833809', '537297', '5105302', '5235679']"
b66a44b4-f802-11ee-9b7b-002590c82436,"['5052862', '5113483', '5057632', '6157537', '6157504', '2784613', '6442441', '6441607']"
b6a53080-69ac-11ef-9b7b-002590c82436,['7059816']
b70418fa-3976-11ee-86e0-002590c0647c,"['5458177', '6142123']"
b71571fc-b402-11ee-86e0-002590c0647c,"['7034073', '6531103']"
b7db064c-7d16-11e9-86e0-002590c0647c,['5359636']
b8380d2c-d86b-11ea-8a53-0cc47a6d2fef,['1779918']
b88f75ec-3b7b-11ed-8644-002590c82437,['6969786']
b8956736-2384-11ed-86e0-002590c0647c,"['6300364', '6450220', '6300364']"
b8a981d2-a565-11ec-a6e9-002590c82437,"['7113981', '7113963', '7113975', '7113978', '7073085']"
b905e3e0-6f72-11ee-86e0-002590c0647c,"['5148088', '5148145', '5172892', '5133535', '5147986', '5057635', '5148136', '6727755']"
b95ff15a-a0a6-11ed-a1c4-002590c82437,"['5177455', '6169384', '6550102', '6550102', '1351541']"
b97ba86a-18d1-11ef-9b7b-002590c82436,"['6939423', '3744262', '1222340', '4168857', '6585956', '6137128', '6360121', '6376810', '6399373', '6182650']"
b9bb2a7c-9e3e-11ec-86e0-002590c0647c,"['1777239', '1758615', '1720230', '5495533', '5317066', '801595', '1777293', '1721067', '5264122', '2747827', '1854286', '1779468', '2747929', '897321', '1640093', '892908', '1719732', '1758612', '1690668', '4945609', '2982226', '4873183', '5912305', '5176927', '5177638']"
b9d2eeea-7e5e-11ed-a1c4-002590c82437,"['5020873', '6303421', '5071147']"
b9e9e3c4-35a3-11ed-86e0-002590c0647c,"['5100445', '6543859']"
ba2ff738-50bc-11eb-a6e9-002590c82437,"['1533281', '5100454', '6495769', '4972096', '4971763', '5947640', '6626883', '1634786', '1634888', '6626203', '1634765']"
ba3b2d9c-e0a8-11ec-86e0-002590c0647c,"['1779486', '6640114', '6404356']"
ba618b48-8232-11eb-8a53-0cc47a6d2fef,['5118337']
ba6ff5de-7e56-11ee-bbb1-002590c82437,['6661929']
ba745ed2-cdeb-11ee-9e62-002590c82436,"['198895', '6443641', '7044930', '5178508', '5178511', '4986484', '5108137', '5058388']"
bb64eb20-706d-11ef-86e0-002590c0647c,"['5235679', '5336017', '5071243', '5136577', '5399602', '5483179', '5441758', '3728602', '3728389']"
bb676062-d3e0-11eb-8a53-0cc47a6d2fef,"['6388267', '6321325', '6304297', '6731208', '6731217', '5182450', '5396623', '3728146', '3574489']"
bb6ccbf2-5186-11ef-9b7b-002590c82436,"['6624289', '5177803', '6553000', '6624331', '6553036', '6553036', '6079505', '6079502', '6480370']"
bbe72684-4ac6-11ef-86e0-002590c0647c,['6614648']
bc465150-dc69-11eb-a6e9-002590c82437,"['6929214', '6929214', '6929223', '6929229', '6296902', '6296740', '3719455', '1780017', '1244429', '1244426', '1720812']"
be28d8c4-dc1e-11ed-a1c4-002590c82437,"['6614339', '6419785', '6419785']"
be757f4a-1938-11eb-a6e9-002590c82437,"['6530860', '6284206']"
bee2c7b0-d42e-11eb-a6e9-002590c82437,['5360467']
bf01ca18-b8d2-11ed-86e0-002590c0647c,['6450163']
bf1e56ae-5ea2-11ed-86e0-002590c0647c,"['3109597', '6807564', '2780392', '484782', '4883209', '7049760', '6626901']"
bf638630-b4ea-11ee-bbb1-002590c82436,"['1779591', '3719455', '5201329', '3862558', '3719611', '5358592', '5176315', '3575248', '5404645', '1810934', '5363629', '4871215']"
bf7f4db6-efd2-11ee-9b7b-002590c82436,['5386735']
bfdb67ac-df7b-11ee-86e0-002590c0647c,"['7093695', '6485755', '6525973', '6495727']"
c0163d24-de18-11ed-86e0-002590c0647c,"['6478849', '6478849', '5070934', '5140888', '6300391', '5942462', '5903158', '5903161', '5444740', '5903158', '5106373', '4967641', '4967641', '5277193']"
c0468bb0-3fb4-11ef-9b7b-002590c82436,"['5875030', '1479095', '6633600', '6471781', '1750494', '6365950', '6366238']"
c0623198-ff3c-11ee-86e0-002590c0647c,['6100381']
c0a35fc0-36b2-11e6-8fcb-002590c0647c,"['6552658', '6614648', '1103305', '3731518', '5458024', '671985']"
c0c752fc-ba0b-11ed-a1c4-002590c82437,"['4967329', '6111283', '4967329']"
c1224cc0-47ef-11ef-9b7b-002590c82436,"['5491822', '5063182', '5326909', '5063182', '1970350', '6404368', '6404368']"
c1271310-2b9d-11ed-a044-002590c82437,"['6216172', '5178355', '5131393', '7050024']"
c12c6e12-3ea3-11ef-9b7b-002590c82436,"['1850411', '1721625', '3844228', '5219953', '5219947', '4971997', '4972003', '5322649', '5380324', '1548449', '1548461', '6465433']"
c1330562-897d-11eb-86e0-002590c0647c,"['7042818', '7042818']"
c1e333e6-2345-11ef-9b7b-002590c82436,['6921402']
c25035aa-a818-11eb-a6e9-002590c82437,"['7066206', '3178762']"
c2835bf4-2306-11ee-b1da-002590c82437,"['5924203', '793753', '5399614', '5942456']"
c296e5f2-f6a7-11ec-86e0-002590c0647c,"['6160978', '5395933', '5333659', '4912216', '4085952', '6783132', '1370456', '5495353']"
c2c6534c-25be-11ec-a6e9-002590c82437,['2134804']
c35041da-1f6a-11ea-a0d7-002590e45c38,"['6407017', '6960858', '6500287', '6497248', '6497245', '6481480', '6466609', '6466612', '6455821', '6434404']"
c35aa6a6-1cd7-11ef-86e0-002590c0647c,['5900971']
c3c0a602-7026-11ef-86e0-002590c0647c,['3855952']
c3f1efae-44cb-11ef-86e0-002590c0647c,['6418369']
c4463c48-5bd8-11ef-9b7b-002590c82436,['6111142']
c4660f6a-31d5-11ee-b1da-002590c82437,"['4938829', '5036842']"
c4e46d46-91c1-11ee-86e0-002590c0647c,['7043529']
c54b5d16-8687-11ee-86e0-002590c0647c,"['2524549', '6680934', '3907029', '4962085', '5330728', '1891633', '6601742', '6601598', '4010022', '4151694']"
c566cbd2-99b5-11ee-bbb1-002590c82436,['6459895']
c6dc47ee-8795-11ee-86e0-002590c0647c,"['5199385', '5200012', '5169544', '5200012']"
c707bdaa-5433-11ef-9b7b-002590c82436,"['5254117', '4887748', '6207715', '5884012', '5884057']"
c739e78c-4a0b-11ed-8644-002590c82437,"['6461617', '6548854', '5145529']"
c769842a-6a8d-11ef-86e0-002590c0647c,['5030791']
c78fdbd4-6043-11ee-86e0-002590c0647c,"['6736851', '6304951', '6732372', '6731214', '6176740']"
c7a1b6a2-6438-11ea-a0d7-002590e45c38,['5119339']
c8097788-e0d6-11ed-86e0-002590c0647c,"['5154913', '5180470', '1694925']"
c8567c92-0fa5-11ee-86e0-002590c0647c,['1719783']
c85e4bba-ba9d-11ec-86e0-002590c0647c,"['5020780', '3718594', '5487463', '6512296', '3718594', '6175411']"
c873f9e8-ccd3-11e9-a0d7-002590e45c38,"['5419765', '1865176', '1834034', '1763163', '6381658', '1865365', '5668579', '1643027', '3620395', '3627421', '1685589']"
c8d9c36a-2b82-11ee-b1da-002590c82437,['4993123']
c93f7d28-0260-11ed-86e0-002590c0647c,['6565903']
ca4b04b4-2bce-11ea-86e0-002590c0647c,"['6682587', '6720219', '5939516', '6512167', '6792507', '6716040', '5939588', '3648079']"
ca7406ee-9d55-11eb-8a53-0cc47a6d2fef,"['6214216', '5248741', '6164869', '6141775']"
ca8e8260-c1c0-11ea-86e0-002590c0647c,['5279899']
cb1bd55c-d8e3-11ec-843d-002590c82437,"['5398180', '6876534', '5398495', '5398198', '6467596', '5018599', '5018560']"
cb5954dc-c985-11ea-a6e9-002590c82437,"['6360991', '545476', '6627337']"
cb5d69d4-2be1-11ee-86e0-002590c0647c,"['6645849', '4962847', '1824680', '5223646']"
cbb9bc7c-ceff-11ee-86e0-002590c0647c,"['6857388', '6857349', '6857349', '5010700', '3714535', '1763307']"
cc2b7c4c-748f-11e9-8a53-0cc47a6d2fef,"['5870716', '6564130', '5444734', '5870716', '3773527', '6360991', '5116504', '6360991']"
cc390998-cd64-11ed-86e0-002590c0647c,"['5948171', '5400289', '5400289', '5948171', '5948168', '5421211', '5498119', '5498122', '5498116']"
cd217e98-38e4-11ea-a6e9-002590c82437,"['1734837', '6076280', '6076283', '6548314', '7044234', '6585365', '1711209', '5047381', '1711248', '1758621', '1677491', '7074159', '5177335', '6157435', '6157462', '3719299', '5910085']"
cd2709f4-e79a-11ed-86e0-002590c0647c,"['5934202', '5894011', '5894047', '5398492']"
cd880734-655f-11ee-86e0-002590c0647c,"['6438574', '6438724', '5487226', '3837115', '3751153', '5488546', '5488546', '3837115', '4955218', '572655', '4885852', '379086', '6838818']"
ce262a6c-a913-11ed-86e0-002590c0647c,"['6146878', '6091511']"
ce6a545e-c489-11ec-843d-002590c82437,['6333937']
ce7ebeee-059d-11ed-a044-002590c82437,"['6082067', '6082028', '2746444', '1627034', '3836923', '2748025']"
cf0a4176-50b6-11ed-8644-002590c82437,['5451859']
cf1a3112-d7d6-11eb-8a53-0cc47a6d2fef,"['6098302', '3914568', '4151058', '705146', '5337670', '6541903', '6541900']"
cfea417a-ec34-11ee-9b7b-002590c82436,"['5177338', '5495536', '5147986']"
d01a22ca-b703-11ee-86e0-002590c0647c,['5154901']
d0ea9038-3226-11ef-9b7b-002590c82436,"['4852837', '4852831', '5901385', '3802978', '3802978', '724435']"
d11aaa74-7a61-11ef-86e0-002590c0647c,"['6163477', '6334837', '6334834', '6334831', '6334828', '4031049', '633903', '5286919', '5270665']"
d12570a6-58c1-11ef-9b7b-002590c82436,['1337549']
d1872a44-feff-11ec-a074-002590c82437,['4874251']
d1f1e6e2-74b5-11ec-86e0-002590c0647c,"['6187405', '6118192', '6360184', '5132467', '5087062', '6360913', '6360907', '6363025', '5130247', '5487235']"
d29edfe4-24e4-11ec-a6e9-002590c82437,['3845701']
d3079e32-9b50-11ee-bbb1-002590c82436,"['4954636', '4972999']"
d310c63a-2420-11ee-b1da-002590c82437,"['4990489', '4990390', '4990300']"
d39eb942-d4cc-11ee-86e0-002590c0647c,['5028391']
d3f957e6-bdf0-11ee-86e0-002590c0647c,"['5177455', '5165152']"
d44bdf36-0b3a-11ec-a6e9-002590c82437,"['6101836', '4861378', '4861378', '6101836', '6588023', '6588023', '6101860', '6101860']"
d4821ec6-18b5-11ef-86e0-002590c0647c,"['6722826', '6997857']"
d49fb92c-3860-11ed-86e0-002590c0647c,"['6390403', '6389740', '6735438', '6393406', '6735423', '6735426', '6346855', '6122641', '6734988', '6394264']"
d4bdbba6-1f2d-11ef-9b7b-002590c82436,['3633982']
d509f6c2-2cff-11ee-b1da-002590c82437,['5915545']
d5716116-0ba0-11e9-a0d7-002590e45c38,['5331427']
d5fecd6c-5aea-11eb-a0d7-002590e45c38,"['5367739', '6076919']"
d643367a-0b9d-11ef-9b7b-002590c82436,"['5225749', '5225749', '1885681']"
d670a502-bb42-11ee-86e0-002590c0647c,['5118364']
d6975b54-34d5-11ef-86e0-002590c0647c,"['6565891', '4970284', '4846681', '4846681', '5488984']"
d7449732-a0e5-11ec-a6e9-002590c82437,['6100915']
d7a24772-6bbc-11ed-86e0-002590c0647c,"['6461875', '5490082', '2746336', '1470383', '1771320', '5255536']"
d7d694ec-86f7-11eb-a6e9-002590c82437,['2144686']
d894349c-85b3-11eb-a6e9-002590c82437,"['1720518', '5056879', '1753350', '1753350', '1753350', '366278', '673259', '673265', '1753350', '1753350', '6560863', '3638533', '1753350', '1753350', '2683018', '5191174', '5191174', '478591', '673259', '3638533', '6109270']"
d8e96ed6-b79c-11ed-a1c4-002590c82437,"['6549424', '5402584', '6577429', '6708027', '6479440', '6479440', '5178595', '6822417', '6822417', '6187372']"
d8ee2a34-3901-11ee-b1da-002590c82437,['5338402']
d917af36-90da-11ee-86e0-002590c0647c,"['3913443', '3913440', '5498872', '5498875', '7113963', '6310147', '6344014', '6343972', '6770700', '3913437']"
d9763fba-abbb-11ed-a1c4-002590c82437,"['1841174', '1664489', '6529828', '1885996', '1756374', '5493757', '1400264', '2715484', '5472865', '231041', '5265547', '1882660', '5493619', '1316495', '3737044']"
d99b13d4-d043-11ec-843d-002590c82437,"['5307586', '5307586', '5307586']"
d9e47c1c-6ee4-11ef-9b7b-002590c82436,"['5252335', '5252335', '6442489', '6442489', '6441613', '6441613']"
da14e2e2-c14d-11ea-8a53-0cc47a6d2fef,['2072935']
da1e0400-d5c6-11ec-86e0-002590c0647c,"['5038450', '5395069']"
da5bc9c8-d017-11e9-86e0-002590c0647c,['5177335']
daf38e96-44d2-11ee-b1da-002590c82437,"['5456302', '1839899', '5025844', '5154268', '1779921', '5267734', '445536', '4946386', '4946293', '5196016', '393820', '4940581', '4946140', '3649975', '870289', '1777254', '4962025', '6727389', '5190850', '3627535', '5025865']"
db36dbd6-2da4-11ea-8a53-0cc47a6d2fef,"['5135608', '5017342']"
db4428ca-83a6-11ee-86e0-002590c0647c,"['6920127', '6801585', '6801453']"
db568522-6995-11e9-a6e9-002590c82437,"['6723354', '6622475', '6272179']"
dbb354f2-7ab6-11ec-a6e9-002590c82437,"['5919187', '5136034', '4897405', '5223325', '4011903']"
dc57561c-38a8-11ef-9b7b-002590c82436,"['3205537', '6990669', '3205537', '1269587']"
dd0c913c-5857-11ec-86e0-002590c0647c,"['6219031', '813518', '2719573']"
dd2d8f5a-ead0-11ee-86e0-002590c0647c,"['5037004', '5396767', '1809267', '5354773', '1885591', '1218182']"
dd5d7810-e289-11ec-86e0-002590c0647c,"['6146899', '6146923', '6146923', '6146908', '895345', '4977847', '6510010', '6510010', '6357223', '6286363', '6286363', '6166153', '6166153', '5934937', '5376658', '1534622']"
dd8c667c-f097-11ec-a830-002590c82437,"['1879576', '5066053', '3803029', '6290515', '5335471', '4945780', '5181265', '5181265', '5144059', '5144059', '5354191', '5354191', '438550', '5427085', '6581566', '6420364', '6420364', '6420961', '6467062', '6922158', '6922167', '1824731', '5474944', '6271012']"
ddc622b4-36e7-11e7-86e0-002590c0647c,"['6461866', '6212107']"
dddd5732-50c3-11eb-8a53-0cc47a6d2fef,"['6729294', '1779438']"
de61d259-71fc-11ef-b7ff-002590e7829c,['2521486']
de6a268e-2abc-11ec-a6e9-002590c82437,['1799931']
de73dbc8-6996-11ee-86e0-002590c0647c,"['5226859', '5226859', '3649870', '6998484', '4058064', '6682998']"
de8572ea-1d94-11ef-9b7b-002590c82436,"['3638362', '1665686', '412115', '2719951', '6708465']"
df871cca-2d42-11eb-a6e9-002590c82437,"['1304645', '5226145']"
e010beb2-4805-11ef-9b7b-002590c82436,"['6289720', '6320680']"
e08e38f2-e578-11ec-86e0-002590c0647c,['6822027']
e0f27074-146a-11ef-86e0-002590c0647c,"['6615548', '6434254']"
e1007080-384c-11ed-86e0-002590c0647c,"['6730485', '5030617']"
e1126ea0-2d6b-11ef-9b7b-002590c82436,"['6653823', '5884036', '6649245', '6611084', '6649155', '5880496', '5883202', '6205030', '5880487', '6222538', '5320735', '5320741', '5320732', '4800793', '5110687', '6112801', '5880496', '6647355']"
e1540dc6-ca93-11eb-8a53-0cc47a6d2fef,"['6841395', '1978564', '6336259', '6841398']"
e1ab3d0e-8b2b-11ec-86e0-002590c0647c,"['404926', '3709762', '5111671']"
e2243864-590b-11ec-86e0-002590c0647c,['6467560']
e23c6cdc-5db3-11ee-86e0-002590c0647c,['6583733']
e23e32ee-5b03-11ef-86e0-002590c0647c,"['1626569', '6536122']"
e277b9d6-7705-11ec-a6e9-002590c82437,"['5474260', '5473303', '5473309', '5474245']"
e31efda4-8e8d-11ed-86e0-002590c0647c,"['1701735', '1701735', '5136529', '6708099', '6708021', '3709606']"
e3321d7a-3a38-11ed-8644-002590c82437,"['1865464', '1788666', '1865464', '5924287', '3204337', '1854403', '5252350', '5252344', '5013010', '5013019']"
e3a0d382-64d7-11ec-a6e9-002590c82437,"['3728158', '5073682', '5290597', '5154868', '806209', '1550348', '724435']"
e3c066c2-779c-11ef-86e0-002590c0647c,"['4070811', '6574402', '6543046', '6624289', '6624331', '6618746', '6612890', '4967332', '6729273', '6729273', '6729279', '6731796', '6733302', '6733302']"
e407e622-64ef-11ec-a6e9-002590c82437,"['6177331', '6157510']"
e40a8e0a-0860-11eb-86e0-002590c0647c,"['6794646', '6794643', '1779579', '5894479', '2127103', '5249800', '6794667']"
e4221616-c6a9-11ec-86e0-002590c0647c,"['2745247', '3639928']"
e455d992-e817-11ee-86e0-002590c0647c,"['6485752', '6485701', '6787983']"
e4a9f808-3306-11ef-9b7b-002590c82436,"['6277594', '6550978', '6269251']"
e5621c96-7706-11ef-86e0-002590c0647c,"['1784904', '6478957', '5184562']"
e57d8ca2-564e-11ef-86e0-002590c0647c,['5495371']
e57dd3e2-969b-11ee-bbb1-002590c82436,"['5362000', '5185243', '6649245']"
e5e06a18-f3c9-11ed-a1c4-002590c82437,"['1779609', '1214557', '1214557']"
e646120a-b78f-11eb-8a53-0cc47a6d2fef,"['3160039', '1722336', '1694946', '814940', '393976', '2696461', '5091043', '5091043', '5915527', '1902892', '6723024', '6723015']"
e7374122-7466-11ec-a6e9-002590c82437,"['603164', '1650905', '6108286', '1605026', '6336109', '6550108', '6785664', '6862950']"
e746724e-3f9b-11ee-b1da-002590c82437,"['7075590', '7074309']"
e7dceb6e-0c96-11ec-a0d7-002590e45c38,['6276937']
e82beefe-26d8-11ee-b1da-002590c82437,"['1843676', '5198680', '5198632', '1147003', '830820', '830820', '4899253']"
e86a6856-21a9-11ef-86e0-002590c0647c,"['4791971', '5945000']"
e89e622e-80a0-11ed-a1c4-002590c82437,"['1222034', '5265907', '5265904', '5265907', '5265940']"
e92a3d54-7060-11ec-a6e9-002590c82437,"['5879578', '5066245']"
e9b62778-0c6d-11ef-9b7b-002590c82436,"['2746558', '6564169', '6234859', '6681255', '6642532', '6234583', '6380701', '6380704', '6234841', '6229762', '1251461', '6321973', '5109802', '5378992', '6098278', '395264', '6106375', '4024554', '3802978', '4024554', '4024554', '5933413']"
ea1aa67e-84ac-11ee-bbb1-002590c82437,"['1735449', '5004136', '5143744', '5004136', '5037004', '3777112', '3998550', '1701756', '3998550', '1701756']"
eb1edb6a-c7a1-11ea-a6e9-002590c82437,"['5102272', '6360154', '5091034', '5059702']"
eb583c44-9313-11ed-a1c4-002590c82437,"['5176933', '5018512', '5018509', '5457085']"
eb854858-a54f-11ed-a1c4-002590c82437,['5287372']
ebc0b4e6-d6c8-11ee-86e0-002590c0647c,"['869470', '869470', '1662914', '6214267', '3709540', '1720401']"
ebf88046-6b52-11ef-86e0-002590c0647c,"['476354', '1458347', '201868', '5166046', '5134870', '1466117', '5136658', '5136052', '1694562', '1694598', '544716', '519398', '1774380', '6334465', '6291562', '1465829', '6642184', '5136655', '532678', '532678']"
ec09da40-8bf8-11eb-a6e9-002590c82437,['2719009']
ec3fa18e-fdd0-11ec-a074-002590c82437,['2752321']
ec6e50f4-a485-11ed-86e0-002590c0647c,"['5924176', '5182192', '5924176', '5924176']"
eccbf984-b92a-11ed-a1c4-002590c82437,"['6835122', '5194135', '4940530', '4940530', '4987072', '4987075', '5125828']"
ed556bf8-e594-11eb-86e0-002590c0647c,"['5064721', '5450296', '5450620', '5450650']"
ed6db76a-ab46-11ee-86e0-002590c0647c,['3728218']
edef1146-1821-11ef-9b7b-002590c82436,['6990669']
ee2d693a-43de-11ef-9b7b-002590c82436,['4962088']
ee6ce8de-790e-11ef-86e0-002590c0647c,"['845399', '6344167', '6990699', '6990669', '6770598', '6842070', '6801273', '802470', '6842073', '6722814']"
ee9744ba-ca48-11ed-a1c4-002590c82437,"['1767240', '3728179', '2702536', '5053531', '5053531']"
eeb6f302-46b6-11ed-8644-002590c82437,['5452978']
eecc4a48-c086-11eb-a6e9-002590c82437,"['6163030', '3728662', '5897758']"
eee6ba88-6b27-11ee-b1da-002590c82437,"['964291', '4795967', '387152', '1677299']"
ef1623ee-d70c-11ee-86e0-002590c0647c,"['6383890', '6593531', '6719229', '6719154']"
ef69d278-6c9e-11ef-9b7b-002590c82436,['1886290']
eff636da-852e-11ee-bbb1-002590c82437,['5476708']
f06beb9c-fcb0-11ee-9b7b-002590c82436,"['4054071', '6501622', '5109823', '5933431']"
f09b5b5e-f191-11ee-86e0-002590c0647c,"['5410861', '5872957', '5872957', '6727746', '3725167', '3725188', '6159925', '6159922', '6727959']"
f0c6b92a-3f8f-11ee-b1da-002590c82437,"['3631015', '1786476', '5138158', '5138158']"
f10f095e-227a-11ef-9b7b-002590c82436,"['6235186', '5166640', '3767908', '6772638', '6343960', '7040688', '6624351']"
f112f428-aa67-11ee-bbb1-002590c82436,"['6565903', '5403277']"
f162e376-af94-11e8-86e0-002590c0647c,"['5018503', '5070943', '1234604']"
f1a0f0f2-63a8-11ef-86e0-002590c0647c,"['5900515', '4041864', '5900527', '4899559', '4899313', '4899313']"
f1ba01e0-d892-11eb-86e0-002590c0647c,"['1902862', '5342986']"
f1fb0f8e-c2a8-11ee-bbb1-002590c82436,['5891791']
f20c61b4-425e-11ee-b1da-002590c82437,"['5256955', '6514708']"
f2700008-c9eb-11ec-843d-002590c82437,"['3858259', '1130377', '4078182', '5027542', '4899463', '4078182']"
f27bcfe0-b3ca-11ed-a1c4-002590c82437,"['6299656', '1429403', '5182666', '5182660', '5182123', '1587467', '1587479', '5224177', '5224159']"
f29e336a-beb4-11e8-86e0-002590c0647c,['5347807']
f2d936d4-3157-11ee-86e0-002590c0647c,"['4972093', '4035126', '2691931', '4972093']"
f316a5a4-872d-11eb-a6e9-002590c82437,"['5153122', '5139490', '3197992', '6126904', '5945000', '5108902', '5132491', '5455456']"
f346eca4-a199-11ed-a1c4-002590c82437,"['1591820', '4854370', '1516694', '4005927']"
f3c2d252-9b7a-11ee-86e0-002590c0647c,['4950943']
f414eeca-8d38-11ee-86e0-002590c0647c,"['5065453', '5065456', '3775147', '7064868', '3728191', '1453544']"
f43103cc-564f-11ef-9b7b-002590c82436,"['6321547', '6321352', '5947220', '5946185', '5932396', '5924293', '5924290', '5911777', '5900479']"
f47cc6dc-061c-11ea-86e0-002590c0647c,"['5094451', '4013763', '1634966', '5457472', '5107162', '5154841', '5900518', '5900518', '1130377', '5312905', '6272179']"
f4d2b0fc-d261-11eb-8a53-0cc47a6d2fef,['5101255']
f511674c-c251-11ee-bbb1-002590c82436,"['6723015', '6343837']"
f6204a34-4507-11ef-9b7b-002590c82436,"['6146395', '5374495', '6646686']"
f74e177e-69c4-11ef-86e0-002590c0647c,"['5136448', '6360928', '5136448', '5136448', '5136448', '5136448', '3632596', '1234853', '2527075']"
f7840650-a5b5-11ee-bbb1-002590c82436,"['5182831', '6282928', '5376661', '5443774', '5482288']"
f7947a04-e074-11e9-a0d7-002590e45c38,"['6467569', '6467554', '5877220', '5877214']"
f7a5ce6e-8275-11ea-8a53-0cc47a6d2fef,"['6627093', '1404866', '4064079', '5379376', '5173426', '5094481', '5173426', '5114500', '5173483', '5173483', '5094481']"
f7ddf342-bf9e-11ee-bbb1-002590c82436,"['3195034', '5484385', '5926021']"
f889c38a-0b71-11ed-86e0-002590c0647c,['6599873']
f8ba5924-273d-11eb-a0d7-002590e45c38,"['2124682', '3195445']"
f8e6820a-3e96-11ef-86e0-002590c0647c,"['1650896', '4005045', '6145243', '6140959', '6393451', '6145294', '3844912', '6837876', '1651109', '6854853', '5487541', '6588041', '5487541', '6837876', '3844912', '6393451', '4005045', '6082580', '6145243', '6837876', '5487541', '6854949', '5071009', '3879427', '6140944']"
f97efdb8-0fda-11ef-9b7b-002590c82436,"['3728389', '4971739']"
f99dbdfc-f449-11eb-86e0-002590c0647c,"['5177455', '5176453', '6624351', '5176933', '5176942', '5176933', '5375974', '6664650', '5301937', '6664650', '6779358', '5495143', '6506629', '6664650', '7064283', '6160837', '6645840', '6469549', '7058517', '7062117', '7066833', '7040667', '7035978', '6618674', '7035981']"
fb4cc42c-4ff5-11ee-86e0-002590c0647c,"['6291310', '2678269']"
fc19fa7c-7d46-11ee-86e0-002590c0647c,"['2694817', '7059189', '5047351']"
fcac0110-ba95-11ee-bbb1-002590c82436,"['6548860', '4043898']"
fccf8ea6-89e9-11ed-86e0-002590c0647c,['5872957']
fd347a70-6e74-11ef-9b7b-002590c82436,['5182849']
fd440042-7944-11ee-bbb1-002590c82437,"['5459965', '6483340']"
fd4b9c20-bbf5-11ec-a6e9-002590c82437,"['5489905', '1351676', '7085292']"
fe09a9b2-76a3-11ee-86e0-002590c0647c,"['6422953', '3998463', '1628936']"
fe30e502-4824-11ee-86e0-002590c0647c,['5140939']
fe5c11f6-f991-11ec-a074-002590c82437,"['5138452', '5138437', '5166664', '7066413', '5126893', '6073841']"
fe62add8-e7eb-11ed-a1c4-002590c82437,['4871854']
fedaa68c-7e6e-11eb-8a53-0cc47a6d2fef,"['5053648', '6730548', '6636129', '6636108', '6636126', '6636102', '6518782', '1617992']"
fef96514-689b-11ec-a6e9-002590c82437,['6720228']
ffdcd80a-82c8-11e9-a0d7-002590e45c38,"['722947', '6151246', '6151264', '1854850', '1831100', '1639472', '1705161', '1338710', '1675214', '6087743', '5015665', '685390', '6344863', '6344641']"
ffeeade6-1fee-11ea-86e0-002590c0647c,['6640276']
